month,bab_return,ret_L_excess,ret_H_excess,ret_L_raw,ret_H_raw,beta_L,beta_H,n_low,n_high,n_total,rf,median_beta
2000-01,0.011399525682558066,0.005229530346152556,-0.002000503092718601,0.009133474824055562,0.001995047109466716,0.5465695384037397,1.09220918774843,590,591,1181,0.0040999999999999,0.755121
2000-02,-0.07283578992522567,0.007446517093249749,0.09592914931719428,0.011334689871027526,0.09992902153941649,0.5465604897472223,1.1095191201416668,600,600,1200,0.0043,0.766035
2000-03,-0.0180900109681429,0.014290093658748436,0.04902771512968403,0.01874915989110457,0.05362109136442357,0.5466062230449406,1.1083888497709278,614,615,1229,0.0046999999999999,0.762509
2000-04,0.07112335140380362,0.02176920241881817,-0.03214837105844768,0.025461871978201826,-0.02835925607835765,0.5289201477909669,1.0728451650147162,608,608,1216,0.0046,0.719668
2000-05,0.044293693874613245,-0.00496712284757239,-0.05731847552466564,-0.000726531932579317,-0.0529223282125119,0.5233106870347126,1.0656879360256881,608,608,1216,0.005,0.707015
2000-06,-0.021507573580317685,0.005805652722469205,0.03499195916247122,0.010024112334772784,0.03938949547585386,0.5230883288284226,1.0731631691715564,614,614,1228,0.004,0.7091514999999999
2000-07,0.06155471199215602,0.01447688840396607,-0.03632338018762728,0.01829936749330551,-0.03233251005601161,0.5210663503504928,1.0755626106223055,622,622,1244,0.0048,0.7042465
2000-08,-0.05742345130290443,0.023346257399394773,0.11106907183026446,0.02775571697449182,0.1156551308851886,0.5228327582777764,1.088092710788013,621,621,1242,0.005,0.707944
2000-09,0.08436224859442233,0.01503523768173911,-0.06043226549796645,0.02077717423342478,-0.05443764053853605,0.5214123120993753,1.0883471041167998,628,628,1256,0.0051,0.7113745
2000-10,-0.02259880332832978,-0.017428430050441455,-0.011963136884076216,-0.01111859816319834,-0.005377656545561377,0.5194820489126979,1.0924415349490881,627,627,1254,0.0056,0.7022124999999999
2000-11,0.1275663923984558,0.0034807921790510885,-0.13233707186093246,0.007489548808945321,-0.1281418303932057,0.5151124367639913,1.0954235145185636,622,622,1244,0.0051,0.6934675
2000-12,0.060860953037708054,0.04491559420112366,0.0297257454059885,0.05070880459176416,0.03572392426777712,0.5076525179377355,1.076392215419393,615,615,1230,0.005,0.6809080000000001
2001-01,-0.09850014050666502,0.028647837141868443,0.16825211506499635,0.0347254144252643,0.1745400982742884,0.507393390534414,1.0857711218329356,631,632,1263,0.0054,0.682521
2001-02,0.12718837309500228,0.010885245158464545,-0.11360891094140343,0.01454237125875679,-0.10981065244166924,0.5054695769761586,1.075297625425205,633,633,1266,0.0038,0.6752025
2001-03,0.0749080471694705,0.0027283153183169533,-0.07374915218738978,0.006968802110959938,-0.06935122316244648,0.5027658851877048,1.0614224053539936,630,630,1260,0.0042,0.6693725
2001-04,-0.09444049147447423,0.03314993461500761,0.1732490886655007,0.037018132129163384,0.1772456967519579,0.5004077401183213,1.0781818184129606,634,634,1268,0.0039,0.6664105
2001-05,0.05731819070415225,0.04048487148539508,0.025860475555103353,0.04261707227705023,0.028052684389277275,0.5014958448617509,1.1046746295160437,642,643,1285,0.0032,0.67285
2001-06,0.03226388447484663,0.014690442372231115,-0.0033209390550805553,0.01671709028412522,-0.0012235761454389394,0.502530599519309,1.0956747275853314,646,646,1292,0.0028,0.6714614999999999
2001-07,0.033741348476062,0.008613100092163928,-0.01785625632465991,0.010634992238940332,-0.0157615923062176,0.5001569467259184,1.080850954241922,648,648,1296,0.003,0.6639085
2001-08,0.07788697312053497,0.011883253183686283,-0.05777903682642611,0.014098959000217771,-0.05548254013582795,0.4964040460953229,1.07100751356542,657,657,1314,0.0031,0.658256
2001-09,0.0891024554552194,-0.03629419763961292,-0.1727041790012327,-0.03337502492658269,-0.16971375538254171,0.5002173609822538,1.0683218950703828,652,652,1304,0.0028,0.6716504999999999
2001-10,-0.06751332433217197,0.01982305608424783,0.11463930770914306,0.022039928512231365,0.11693242208766765,0.5044694100294354,1.0733194818506133,648,648,1296,0.0022,0.676721
2001-11,-0.05382995552282699,0.01623684721575525,0.09341528797109774,0.018266762463591817,0.09551059970937537,0.5051478475490994,1.0865689753868548,661,661,1322,0.0017,0.682024
2001-12,-0.0026961577418163213,0.031014799079941435,0.0697802489845817,0.032937131366272625,0.07177425196484505,0.5090221444298183,1.0967199573943982,678,679,1357,0.0015,0.691068
2002-01,0.052528793959834584,0.01995201445837967,-0.014637193243367404,0.02198829393953707,-0.012542668913496167,0.5092676582482837,1.096341857313989,682,683,1365,0.0014,0.689091
2002-02,0.06410661740878752,0.022207238669128476,-0.022218854333794925,0.02404823174529069,-0.020322590128937248,0.5075383196702935,1.0917381989889,674,675,1349,0.0013,0.687298
2002-03,0.028197859205554447,0.04349129603417388,0.0631375578918292,0.045437207041813144,0.06513427634606121,0.5104558389289819,1.107617398342432,688,688,1376,0.0013,0.6949289999999999
2002-04,0.1003426427677628,0.0354622137214884,-0.03654386346331058,0.03759526598744243,-0.034345503728577684,0.5195236540637218,1.1390218474033522,691,691,1382,0.0015,0.7150065000000001
2002-05,0.03762700776186205,0.005542359814608229,-0.02993345080014984,0.007663849768478989,-0.02774040827932375,0.5145562236146305,1.1145965156368038,697,697,1394,0.0014,0.7037935
2002-06,0.04661986477674381,-5.261465253719207e-05,-0.05131530720195639,0.0018914725697982463,-0.049319209382514766,0.5117204192948849,1.098295365380069,700,701,1401,0.0013,0.696316
2002-07,-0.012132237220784756,-0.05708229572206304,-0.10209918680376893,-0.05495121466355792,-0.099900599313375,0.5172775076952956,1.0395037669818572,692,692,1384,0.0015,0.6918355
2002-08,0.01936653295010658,0.020062313045002132,0.020142676850686724,0.02218874753756251,0.022341343700280177,0.5115273298148509,1.0145461230146906,683,683,1366,0.0014,0.6826915
2002-09,0.04253023471959656,-0.013303252338527199,-0.0689804326428599,-0.011373459678063401,-0.06698463911508223,0.5098881547296513,1.0052413820646362,682,683,1365,0.0014,0.681724
2002-10,-0.08576284969343606,-0.011162947542430805,0.06298781100838015,-0.008939393909212808,0.06528688237516214,0.5042660769290658,0.9899723109537198,680,680,1360,0.0014,0.674633
2002-11,-0.08831129751277988,0.010108607505098077,0.10886490627338133,0.012032208975001294,0.11085512529620624,0.5024399035143109,1.0040078338905853,695,695,1390,0.0012,0.6727965
2002-12,0.15033885145217943,0.02562226701227544,-0.09908516026982449,0.027643037758730404,-0.09698807333673755,0.5004115630042999,0.9994824994427627,702,703,1405,0.0011,0.671318
2003-01,0.059101453753120446,-0.004843122383399865,-0.06855116190002628,-0.004843122383399865,-0.06855116190002628,0.49727640342489215,0.9957933571593635,708,709,1417,0.001,0.665833
2003-02,0.017482849767943058,-0.00339949717071281,-0.02405414357970687,-0.00339949717071281,-0.02405414357970687,0.496450376731179,0.9886433131214489,704,704,1408,0.0009,0.6634485
2003-03,-0.008219892181827719,0.003975990143769124,0.015981728917886205,0.003975990143769124,0.015981728917886205,0.4940303343519939,0.982405163669532,702,702,1404,0.001,0.6575425
2003-04,-0.020431651306595897,0.047337706286903064,0.11456389205675416,0.047337706286903064,0.11456389205675416,0.494548157698511,0.9863379042059169,716,717,1433,0.001,0.660166
2003-05,0.0011284352833624278,0.06349881608812362,0.12764366524188278,0.06349881608812362,0.12764366524188278,0.4979352517295701,1.0098726172160166,738,738,1476,0.0009,0.665796
2003-06,0.034399636770224576,0.024112664482005417,0.014331687247555704,0.024112664482005417,0.014331687247555704,0.49738735262811173,1.0179472772519242,759,760,1519,0.001,0.665347
2003-07,-0.01864648294541292,0.022434764748092376,0.06626220789866424,0.022434764748092376,0.06626220789866424,0.5035990168410058,1.0485298329172774,770,771,1541,0.0007,0.678005
2003-08,-0.0040214030710074705,0.03529382430502363,0.07841978159006954,0.03529382430502363,0.07841978159006954,0.5066308362294928,1.0642542696110389,767,768,1535,0.0007,0.684382
2003-09,0.013312356519434758,0.0018830343090712098,-0.010532267773072,0.0018830343090712098,-0.010532267773072,0.5067570249482911,1.097510889973407,780,781,1561,0.0008,0.68903
2003-10,-0.00429722767844555,0.03565820447154215,0.08265778234812708,0.03565820447154215,0.08265778234812708,0.5150974520690025,1.1242383663959699,796,797,1593,0.0007,0.699139
2003-11,0.05773800094680702,0.03648653316823276,0.014187193960808546,0.03648653316823276,0.014187193960808546,0.518858406250533,1.1275078673777816,803,803,1606,0.0007,0.707829
2003-12,0.03463634629813185,0.02711913338590011,0.019782169262694972,0.02711913338590011,0.019782169262694972,0.5299725493895415,1.1964191795332713,1195,1195,2390,0.0008,0.7383715
2004-01,-0.007479009709809699,0.022535457146793336,0.061323799496463494,0.022535457146793336,0.061323799496463494,0.5388613593605768,1.2439025615928287,1228,1228,2456,0.0007,0.7644715
2004-02,0.04256507546713995,0.025468644744382832,0.005408388439792757,0.025468644744382832,0.005408388439792757,0.5439582451183317,1.2708038058410789,1239,1240,2479,0.0006,0.776907
2004-03,0.042903074261230224,0.012943883662342741,-0.025691378325817093,0.012943883662342741,-0.025691378325817093,0.5561053475626598,1.308973539962145,1253,1254,2507,0.0009,0.797579
2004-04,-0.0123651359902405,-0.03652127541729563,-0.06976457280758089,-0.03652127541729563,-0.06976457280758089,0.567965483930671,1.343259193882199,1262,1263,2525,0.0008,0.816892
2004-05,-0.00275140160244052,0.0038935339299389377,0.012844211804647447,0.0038935339299389377,0.012844211804647447,0.5756609764438261,1.3498923001772811,1254,1255,2509,0.0006,0.828869
2004-06,0.029929757380785176,0.030924900136747657,0.03174297152551686,0.030924900136747657,0.03174297152551686,0.5822774763526467,1.3693831802833611,1265,1266,2531,0.0008,0.842187
2004-07,0.043149749103190964,-0.004178854348631114,-0.06956674233079094,-0.004178854348631114,-0.06956674233079094,0.5862322293921156,1.3836397358153443,1266,1267,2533,0.001,0.850312
2004-08,0.027783161402043427,0.007269932686777435,-0.020717531151261764,0.00942806803574446,-0.018518886615554328,0.5806576125107513,1.3573703976648823,1257,1257,2514,0.0011,0.8470424999999999
2004-09,0.014087819272671304,0.02890370295102446,0.04717171817257474,0.030960744653576136,0.04927035602358019,0.5880429299560116,1.3452823103913385,1264,1264,2528,0.0011,0.85388
2004-10,0.02276700401009206,0.0134234341849825,0.00018579501463261315,0.015477952886687303,0.002281234970734719,0.5860520239471522,1.3478368212889749,1263,1264,2527,0.0011,0.854903
2004-11,0.020548497432198984,0.0507263701869917,0.08993593832590911,0.05279738979326494,0.09203291562135463,0.5880104065796625,1.3684856772407343,1284,1284,2568,0.0015,0.8685575
2004-12,0.014955737290108764,0.022703037482518968,0.03172956987557489,0.024856204631287994,0.03392686387978611,0.5984772072014892,1.3808110835166034,1299,1299,2598,0.0016,0.8786725
2005-01,0.02957138963831307,0.0003223761036183363,-0.04048280159832074,0.002292365942469796,-0.03848501767628662,0.5992856609915961,1.394350091661005,1537,1538,3075,0.0016,0.877082
2005-02,0.02076589212980152,0.015501451017376587,0.0073298205094704276,0.017370418147115423,0.00922860956954566,0.5953267229247622,1.3901538466680736,1554,1555,3109,0.0016,0.872987
2005-03,0.0023648031705409966,-0.019163937927144967,-0.04871726169070513,-0.016995371400189016,-0.04652100581463675,0.6069606187890368,1.4354607946519562,1560,1560,3120,0.0021,0.8988214999999999
2005-04,0.009022898252206979,-0.020724396918811016,-0.06013859605306767,-0.01865702622582682,-0.05804251572707598,0.6057641596689379,1.3909738067337365,1543,1544,3087,0.0021,0.894523
2005-05,-0.01261732462543743,0.023012443585279353,0.07083534666569004,0.02507131003096252,0.07293202719555386,0.6037099693784737,1.3961637632745285,1554,1555,3109,0.0024,0.899726
2005-06,0.02716739174458077,0.022460560019046085,0.013477916954739586,0.02462715754908748,0.0156725233130383,0.6122756427941484,1.4162909636269398,1561,1561,3122,0.0023,0.913214
2005-07,0.00410145454066433,0.03670046938894642,0.07834210891318251,0.03866722793414035,0.08033847901592608,0.6186027565325388,1.4185587145187708,1563,1564,3127,0.0024,0.922644
2005-08,0.005817843700769709,-0.005317822785230843,-0.020555173643944886,-0.003052330077149303,-0.01825975466078479,0.627652121132866,1.4383895848432842,1575,1576,3151,0.003,0.945734
2005-09,0.008537979247290266,0.0080425714817055,0.005930630217348898,0.010111090117649364,0.008029004490576353,0.6356420054247798,1.4413291027277546,1568,1569,3137,0.0029,0.959381
2005-10,-0.01696248636519284,-0.0287431241877464,-0.04029393704043582,-0.026684743476911594,-0.038199626749230144,0.6278013042188818,1.3980607911065932,1566,1566,3132,0.0027,0.9498549999999999
2005-11,0.00011954997931551414,0.02925309261860694,0.06587376048360151,0.03131321414988299,0.06797131942253651,0.6293559529177357,1.420873671559602,1576,1577,3153,0.0031,0.966707
2005-12,0.011190249989845628,-0.0007839714018574185,-0.01754485743328709,0.0033391413325175815,-0.01335763329266209,0.6211399661988282,1.408953966273828,1600,1600,3200,0.0032,0.9704475
2006-01,0.0039756417481976655,0.035670497810458286,0.07463595818724217,0.03959216296222063,0.07863122951049167,0.6322952062538358,1.4233000303097394,1604,1605,3209,0.0034999999999999,0.980167
2006-02,0.008025300138514508,0.0024613163278732844,-0.00595321197788083,0.00619815759529353,-0.002156517408499998,0.6373918693288019,1.4297693803280183,1597,1597,3194,0.0034,0.991126
2006-03,0.021886482612590866,0.024873153386466913,0.024909759374605378,0.029371283871393247,0.029500542771733605,0.6351258941034145,1.4418646433771145,1619,1619,3238,0.0037,0.9919955
2006-04,0.005513342625624803,0.007542777379925116,0.008971890581032337,0.011288339722172655,0.012767666818459797,0.6524918895401064,1.4837877626099025,1619,1620,3239,0.0036,1.02493
2006-05,0.008283404281864658,-0.022884814865265054,-0.06380313481647235,-0.018560987075917905,-0.059421228291295994,0.645447687793062,1.458719864715361,1627,1628,3255,0.0043,1.009827
2006-06,0.003687087192184132,-0.011529308745547813,-0.030460266586405823,-0.007228338864197963,-0.026069814313816074,0.6364970456873675,1.397210266774647,1621,1621,3242,0.004,0.9827865
2006-07,0.03288255777800539,-0.006682713797160275,-0.05997217436335692,-0.002756648976492798,-0.055976861529399284,0.6283640326734188,1.3781112904671715,1623,1623,3246,0.004,0.9768895
2006-08,-0.0026160830162067286,0.020858509346499635,0.049417637663544865,0.025363037460676644,0.05400972630999163,0.6354234997930792,1.3943148771226177,1637,1637,3274,0.0042,0.981762
2006-09,-0.002808546148499679,0.0035675251021419527,0.011703873785951582,0.007485095279995595,0.0156997284929244,0.6286480813868547,1.379610526760274,1650,1651,3301,0.0040999999999999,0.969664
2006-10,0.013336750962428964,0.03564038825288646,0.06048026764737042,0.039959992763569346,0.06486727280512185,0.6398904303155313,1.4277383180653733,1676,1676,3352,0.0040999999999999,0.997548
2006-11,0.011938620810730542,0.029920658698562377,0.04986396167065639,0.03402787398698466,0.05405005436981915,0.6363010271759666,1.4212661280050414,1698,1699,3397,0.0042,0.987702
2006-12,0.02045237747341188,0.01597090564789855,0.006850064642211858,0.0199055266489596,0.010833957508293433,0.6319684605175985,1.421380476143064,1709,1709,3418,0.004,0.9859855
2007-01,0.009572214384015364,0.01483114451216229,0.019958050756896245,0.018768095416555053,0.023944824841342315,0.6308060020272738,1.4317926055832895,1719,1720,3439,0.0044,0.993972
2007-02,0.011468453445878234,0.0030247251769292215,-0.0091712793434959,0.006767366537987824,-0.005380114932657839,0.6199818935285865,1.3917551274354127,1725,1725,3450,0.0038,0.9715689999999999
2007-03,0.008873712165576027,0.008158805366163759,0.005843828288180947,0.01248553664309769,0.010232090389856268,0.6195394232205969,1.360474393650945,1715,1715,3430,0.0043,0.9648315000000001
2007-04,0.010067859273100738,0.01759310095728976,0.02530239997153124,0.02151467487027158,0.029295425795672375,0.6117128056006382,1.3536099361714555,1721,1721,3442,0.0044,0.9649855
2007-05,0.00516423589161533,0.019424889226522926,0.035483123024292636,0.02373885448295458,0.0398718880234044,0.6230263437720378,1.3639987738064638,1724,1724,3448,0.0040999999999999,0.9736435
2007-06,-0.0001920123292667754,-0.009206623886156408,-0.019780471571611766,-0.005073674055439263,-0.015598462611589878,0.6326987675236825,1.3775332957775042,1710,1710,3420,0.004,0.9820694999999999
2007-07,-0.008674199269285122,-0.038566314868859836,-0.07201144113087664,-0.03443869821029541,-0.06782669017909132,0.6231517267031085,1.3532188697276284,1711,1712,3423,0.004,0.96591
2007-08,-0.009919647654827354,-0.004439585267860922,0.0033329943661631603,7.802105629658117e-05,0.007912592201878373,0.6086453925731773,1.2694988596487269,1684,1684,3368,0.0042,0.9277015
2007-09,0.01944708074595932,0.014147167523006198,0.004917380536283543,0.01786655628691513,0.008715006885742891,0.6044269471172623,1.2421274983682549,1666,1666,3332,0.0032,0.9184939999999999
2007-10,0.010607285164374362,0.004326355338058036,-0.0040871824553536,0.006577485546391368,-0.0017922088513286573,0.5955407819398384,1.2227180420156607,1680,1680,3360,0.0032,0.9086240000000001
2007-11,-0.0215630462988564,-0.0356968999811874,-0.046379817155562664,-0.031593041162053394,-0.042190860061258176,0.5869486742311686,1.1815096856052543,1662,1662,3324,0.0034,0.8830169999999999
2007-12,-0.010826321762012312,-0.005343125363434275,0.002102159478015517,-0.0033772838638065597,0.004099347785973001,0.5904870948930492,1.1825513492567523,1652,1652,3304,0.0027,0.888064
2008-01,-0.031383980664859756,-0.03153879502261219,-0.02638340097099877,-0.029476197317810312,-0.024284628087055574,0.5874973319511616,1.1831483094541608,1622,1622,3244,0.0021,0.88137
2008-02,0.027279324724402094,-0.01648195984663833,-0.06543226837070253,-0.01452712044636959,-0.06343328271781312,0.5983658314623264,1.1934907090141227,1597,1597,3194,0.0013,0.8924460000000001
2008-03,-0.049962874137554736,-0.023984257465261838,0.011298034351536907,-0.022027464006315525,0.01329726152265737,0.5931379528819561,1.1859395347365698,1582,1583,3165,0.0017,0.887174
2008-04,0.0099247320965048,0.006569521522474569,0.0014094650094515846,0.008710644649593959,0.0036066690562365244,0.5914632769514435,1.1919338072013212,1579,1580,3159,0.0018,0.888479
2008-05,0.030198461318255078,0.021965833668562015,0.008050021883668093,0.024015282096275844,0.010147670468951361,0.5946381264716654,1.1941220713580298,1588,1589,3177,0.0018,0.890457
2008-06,0.022747190636941597,-0.04854991011313143,-0.12452395914154638,-0.046499571839806575,-0.12242736669484945,0.599456734835347,1.2003808882977447,1580,1581,3161,0.0017,0.89295
2008-07,-0.04020299597846895,-0.004565034164925533,0.039707467278480964,-0.0024140648508977343,0.04190552944949542,0.5982908664038987,1.219034927657665,1542,1542,3084,0.0015,0.899988
2008-08,0.005216842774922417,0.020657701427151724,0.03620628452114368,0.022706224886615684,0.038305727658235256,0.5967216524150857,1.2314303416222745,1549,1550,3099,0.0013,0.903558
2008-09,-0.05612972188904414,-0.07768053471676979,-0.09012936384398947,-0.0756448948455489,-0.08802975328343142,0.5778803223082986,1.151173009148683,1544,1545,3089,0.0015,0.85283
2008-10,0.00815164763243445,-0.12843323853946811,-0.24357892510043155,-0.12843323853946811,-0.24357892510043155,0.6132984741142681,1.1195655913096254,1419,1419,2838,0.0008,0.8574215000000001
2008-11,-0.0013917042067806695,-0.07790438778447369,-0.14454931554188086,-0.07790438778447369,-0.14454931554188086,0.6144809048155836,1.152806002239268,1331,1331,2662,0.0003,0.8658465
2008-12,-0.12746490984121817,0.07003756411895823,0.28143966117831226,0.07003756411895823,0.28143966117831226,0.6116371327108938,1.1631022839995555,1311,1311,2622,0.0,0.86852
2009-01,0.09555882343707317,-0.02920463265021165,-0.16837533088383091,-0.02920463265021165,-0.16837533088383091,0.6205035140461509,1.1805469742169896,1310,1311,2621,0.0,0.872574
2009-02,0.018814622168690398,-0.0696334569382407,-0.15598503032778455,-0.0696334569382407,-0.15598503032778455,0.6152534823556379,1.1817664864357533,1270,1271,2541,0.0001,0.870681
2009-03,-0.054743116792304786,0.07988659701995367,0.2210634965669457,0.07988659701995367,0.2210634965669457,0.622133189046986,1.2070035204554057,1218,1219,2437,0.0002,0.876874
2009-04,-0.09439340754064338,0.07747983395579772,0.2704035389505356,0.07747983395579772,0.2704035389505356,0.6226137305308485,1.2356431623192068,1289,1290,2579,0.0001,0.893477
2009-05,0.051355474382723615,0.06957415209733747,0.07546283712829951,0.06957415209733747,0.07546283712829951,0.6228884430234016,1.2506160195004046,1357,1357,2714,0.0,0.8966035
2009-06,0.07270277647019642,0.018614411939340617,-0.05349341572213136,0.018614411939340617,-0.05349341572213136,0.6202132491403137,1.2530709351550127,1390,1390,2780,0.0001,0.897195
2009-07,-0.02004173069787149,0.04494516357993364,0.11521694783222386,0.04494516357993364,0.11521694783222386,0.6218974147127565,1.248115138734584,1384,1385,2769,0.0001,0.898396
2009-08,-0.01407948804400621,0.011607981777432922,0.04166998031269263,0.011607981777432922,0.04166998031269263,0.6202838932530514,1.2706791907167125,1449,1449,2898,0.0001,0.899986
2009-09,-0.014882594855560219,0.048149188789742385,0.11863535594893862,0.048149188789742385,0.11863535594893862,0.6280169052687568,1.2958359703537066,1514,1515,3029,0.0001,0.915435
2009-10,0.0026689101394668097,-0.013002621700181618,-0.03176670165516258,-0.013002621700181618,-0.03176670165516258,0.6434283630160655,1.3885714369107984,1512,1512,3024,0.0,0.946617
2009-11,-0.0032680195943638225,0.01993115195379921,0.04858180385912584,0.01993115195379921,0.04858180385912584,0.6543750924675378,1.4404716102990296,1503,1503,3006,0.0,0.97443
2009-12,0.0010574081303843935,0.029117355142595593,0.06328566314244438,0.029117355142595593,0.06328566314244438,0.6632021543577705,1.4770224620189456,1517,1518,3035,0.0001,0.990033
2010-01,0.006989169357858503,-0.017886377211426628,-0.05054876219015757,-0.017886377211426628,-0.05054876219015757,0.6712373022783067,1.502815254828135,1536,1536,3072,0.0,0.998844
2010-02,0.010290368716142001,0.02154807843519748,0.033024321695496274,0.02154807843519748,0.033024321695496274,0.6682927386612643,1.5043122038114658,1522,1522,3044,0.0,1.0059
2010-03,0.006082592975095565,0.03907394784459159,0.07811494848427766,0.03907394784459159,0.07811494848427766,0.704439292930011,1.5817365517294304,1573,1574,3147,0.0001,1.063655
2010-04,-0.0005819617597588173,0.031542835784725366,0.07065002202528428,0.031542835784725366,0.07065002202528428,0.7114074111407983,1.5727755674751611,1610,1611,3221,0.0001,1.077496
2010-05,0.008198076289841622,-0.05073782229602907,-0.11979639146236332,-0.05073782229602907,-0.11979639146236332,0.697762745377558,1.4805565169909476,1597,1598,3195,0.0001,1.0481
2010-06,0.039308106337444824,-0.004052255754036693,-0.06404607518356084,-0.004052255754036693,-0.06404607518356084,0.6893528402388345,1.417373334589103,1560,1561,3121,0.0001,1.014902
2010-07,-0.015560820577997403,0.043011794278833504,0.10986110112868053,0.043011794278833504,0.10986110112868053,0.6830175007580986,1.3988983027167055,1557,1558,3115,0.0001,1.012507
2010-08,0.04339959858322293,-0.024158949519325894,-0.10776387565324849,-0.024158949519325894,-0.10776387565324849,0.685089021480778,1.3699339599495874,1549,1549,3098,0.0001,1.0032765000000001
2010-09,-0.002802064212029484,0.04443080136739466,0.09270573180562168,0.04443080136739466,0.09270573180562168,0.6753278826703843,1.3515232655371254,1563,1564,3127,0.0001,0.997763
2010-10,0.0007911302434607179,0.023091604331518516,0.045023550949620045,0.023091604331518516,0.045023550949620045,0.681303555202298,1.360140260143438,1605,1605,3210,0.0001,1.0060894999999999
2010-11,-0.01627397276126595,0.008372476672510575,0.03867639716763447,0.008372476672510575,0.03867639716763447,0.6881027530222523,1.3598601000585537,1617,1617,3234,0.0001,1.0039985
2010-12,-0.009933445038211308,0.03466860201823015,0.08186655125659191,0.03466860201823015,0.08186655125659191,0.6846545459835902,1.35160052375908,1652,1652,3304,0.0001,1.0002085
2011-01,0.007074341526778121,0.0007502023136450129,-0.008223629153362659,0.0007502023136450129,-0.008223629153362659,0.6989144460325273,1.3703857469989997,1652,1653,3305,0.0001,1.011031
2011-02,0.006225404330234021,0.01992851240511186,0.031209009558378444,0.01992851240511186,0.031209009558378444,0.6889835887876029,1.37490043036542,1668,1668,3336,0.0001,1.0157734999999999
2011-03,0.003049633779095475,0.02200372769389175,0.03903497201467848,0.02200372769389175,0.03903497201467848,0.6872653651447739,1.3475802105198351,1647,1647,3294,0.0001,1.0024985000000002
2011-04,0.017283630061006274,0.018552860981471797,0.013244853468123846,0.018552860981471797,0.013244853468123846,0.6853258352470891,1.3531779521443879,1652,1653,3305,0.0,1.003595
2011-05,0.021481040951144337,0.008019494702641036,-0.014576277576107827,0.008019494702641036,-0.014576277576107827,0.7133815797390376,1.4235314769148384,1645,1646,3291,0.0,1.053248
2011-06,0.004618832579086679,0.005195481089390382,0.0038464607689154273,0.005195481089390382,0.0038464607689154273,0.7179367384305938,1.4693199108310613,1651,1652,3303,0.0,1.074087
2011-07,-0.001261125871862931,-0.023663634231518838,-0.04716633802148067,-0.023663634231518838,-0.04716633802148067,0.7185642785610222,1.4892735846838379,1652,1652,3304,0.0,1.0797889999999999
2011-08,0.04464150384541692,-0.02883978300791469,-0.1128575149160777,-0.02883978300791469,-0.1128575149160777,0.6791274893593638,1.2956128427255449,1607,1608,3215,0.0001,0.988013
2011-09,0.0375574111285159,-0.04114550500930531,-0.12583682835517765,-0.04114550500930531,-0.12583682835517765,0.6747764144958857,1.2770915624541364,1589,1590,3179,0.0,0.973706
2011-10,-0.08570556505604554,0.09140171318641808,0.2840812155035997,0.09140171318641808,0.2840812155035997,0.6677960247077983,1.276331993965415,1583,1583,3166,0.0,0.970385
2011-11,0.010321661568057153,0.020751892970713375,0.0269459335475611,0.020751892970713375,0.0269459335475611,0.6560874594817719,1.2645861268933092,1605,1606,3211,0.0,0.960815
2011-12,0.021308120883727633,0.016490835848807343,0.004734488366735181,0.016490835848807343,0.004734488366735181,0.6577745585245895,1.258325983401844,1604,1604,3208,0.0,0.9559015
2012-01,0.005636290440844682,0.044600612428075226,0.07805879421273304,0.044600612428075226,0.07805879421273304,0.6607188027493102,1.2617218959393615,1621,1621,3242,0.0,0.957551
2012-02,0.016208882097536438,0.017375449328487818,0.012861576046893468,0.017375449328487818,0.012861576046893468,0.6589895915495425,1.266162144656071,1655,1656,3311,0.0,0.957377
2012-03,0.018140901659030834,0.016381724465562058,0.008763998416013125,0.016381724465562058,0.008763998416013125,0.6545826836050737,1.272854678070227,1663,1663,3326,0.0,0.9587325
2012-04,0.02653337619304942,0.00030700363507515043,-0.03301363918946413,0.00030700363507515043,-0.03301363918946413,0.6552102897299611,1.2665976871647222,1649,1649,3298,0.0,0.956627
2012-05,0.03805052443618923,-0.027901045466531917,-0.10203356165024974,-0.027901045466531917,-0.10203356165024974,0.6562546345273839,1.2664577019571372,1631,1631,3262,0.0001,0.956333
2012-06,-0.00017385451330381718,0.04600884922619583,0.08886906437478007,0.04600884922619583,0.08886906437478007,0.6553696206484192,1.262761582483622,1623,1623,3246,0.0,0.953794
2012-07,0.01049212446778944,-0.001544097038625357,-0.01633561773726421,-0.001544097038625357,-0.01633561773726421,0.6498650449026125,1.2694610794544927,1634,1634,3268,0.0,0.9569055
2012-08,-0.013080339005609246,0.02248450685515137,0.06347150818124844,0.02248450685515137,0.06347150818124844,0.6841628509381295,1.3814791608988455,1627,1627,3254,0.0001,1.012639
2012-09,0.014554870232320528,0.02625053429004905,0.03312639410578207,0.02625053429004905,0.03312639410578207,0.6960235027020768,1.4303191835791584,1644,1644,3288,0.0001,1.0352115
2012-10,0.009346165519667724,-0.00229214774299811,-0.0185538106693377,-0.00229214774299811,-0.0185538106693377,0.7128209347412671,1.4770064841681045,1648,1649,3297,0.0001,1.057666
2012-11,-0.006240668277741264,-0.003013020425115757,0.0032897906149825843,-0.003013020425115757,0.0032897906149825843,0.7354436312568292,1.5345650293327306,1628,1628,3256,0.0001,1.0970010000000001
2012-12,-0.02172064834570013,0.009563114505000869,0.05498602506770293,0.009563114505000869,0.05498602506770293,0.7574787612500798,1.6009638383965097,1655,1655,3310,0.0001,1.1318175
2013-01,0.025763312771025546,0.03777368733302101,0.03946073946717593,0.03777368733302101,0.03946073946717593,0.7475256397139028,1.5931943516274258,1676,1676,3352,0.0,1.124073
2013-02,0.019092743115180066,0.009787399016548641,-0.009257643598070658,0.009787399016548641,-0.009257643598070658,0.7414064995842173,1.5713241411499057,1682,1683,3365,0.0,1.109161
2013-03,0.01073727251038293,0.02907773320148756,0.044336908286040436,0.02907773320148756,0.044336908286040436,0.7470683590473355,1.573057446750475,1679,1680,3359,0.0,1.109018
2013-04,0.010610559647621585,0.013366225428262664,0.011570452100315345,0.013366225428262664,0.011570452100315345,0.7441993385630078,1.5742143881834287,1679,1679,3358,0.0,1.1108354999999999
2013-05,-0.03193002091172348,0.01696301923123788,0.0865729588713717,0.01696301923123788,0.0865729588713717,0.7479947403174182,1.5853526471236898,1703,1704,3407,0.0,1.113684
2013-06,0.010302857374536883,-0.002035991969218924,-0.020578259025394306,-0.002035991969218924,-0.020578259025394306,0.7730681681622322,1.5907119592916672,1703,1704,3407,0.0,1.133706
2013-07,0.007502439874258686,0.034958577080190296,0.05998207622234768,0.034958577080190296,0.05998207622234768,0.7918863358354681,1.6369084420086903,1711,1712,3423,0.0,1.15855
2013-08,-0.008146516704759882,-0.025021916874488053,-0.03787561732437541,-0.025021916874488053,-0.03787561732437541,0.7876121524375401,1.603348578165372,1724,1725,3449,0.0,1.149614
2013-09,0.0019262416598963134,0.03310422506408723,0.06425853368011947,0.03310422506408723,0.06425853368011947,0.7981989453620257,1.624848089437122,1729,1729,3458,0.0,1.16083
2013-10,0.020541291456916237,0.023828835424571832,0.0165730736665672,0.023828835424571832,0.0165730736665672,0.7669519140027389,1.574154475596992,1742,1743,3485,0.0,1.135846
2013-11,0.0045144838827662,0.025338009537576645,0.04489333695330614,0.025338009537576645,0.04489333695330614,0.7592746324395213,1.5557253235446362,1746,1746,3492,0.0,1.1285180000000001
2013-12,-0.0005413857184408885,0.021597631027219504,0.04517425867997971,0.021597631027219504,0.04517425867997971,0.7724408079597108,1.5849712500865187,1760,1760,3520,0.0,1.1367185000000002
2014-01,0.019088924067072195,0.0031315059159745394,-0.023328859289586598,0.0031315059159745394,-0.023328859289586598,0.7632770057826502,1.556688211973307,1769,1769,3538,0.0,1.125901
2014-02,-0.0013806926085790788,0.0489881766129512,0.10246667263033368,0.0489881766129512,0.10246667263033368,0.7625440161232205,1.5614261078842708,1774,1774,3548,0.0,1.127257
2014-03,0.01459208099847939,0.014066383011843321,0.006657053128449274,0.014066383011843321,0.006657053128449274,0.7422216258643475,1.5269703725579364,1777,1777,3554,0.0,1.1136675
2014-04,0.019295150546563153,-0.005247079910332692,-0.0399412218954946,-0.005247079910332692,-0.0399412218954946,0.739030510424671,1.5132058822067433,1769,1770,3539,0.0,1.111024
2014-05,0.01310590716111697,0.013874958603941286,0.008683293460333944,0.013874958603941286,0.008683293460333944,0.736401439502635,1.513913051474321,1749,1749,3498,0.0,1.118823
2014-06,-0.0035219027481272064,0.026411829256925468,0.061781533427591226,0.026411829256925468,0.061781533427591226,0.745008706778359,1.585214616441446,1748,1750,3498,0.0,1.158009
2014-07,0.010130287410825056,-0.023802340911677565,-0.06540631661426707,-0.023802340911677565,-0.06540631661426707,0.7464253412977276,1.556599119952768,1740,1740,3480,0.0,1.1360885
2014-08,0.005042055600874271,0.032741915282156364,0.06098776766627255,0.032741915282156364,0.06098776766627255,0.7436478235036544,1.5643209313141357,1741,1742,3483,0.0,1.146052
2014-09,0.016384171014703155,-0.02037647288769382,-0.0679846415355881,-0.02037647288769382,-0.0679846415355881,0.7411783648705376,1.5494662740210365,1738,1738,3476,0.0,1.1337190000000001
2014-10,0.010131567336893979,0.0339206619816777,0.05501211484352948,0.0339206619816777,0.05501211484352948,0.7255507259414019,1.5022407460819898,1715,1715,3430,0.0,1.1034009999999999
2014-11,0.021996279662841848,0.0141980228948864,-0.004160040593552815,0.0141980228948864,-0.004160040593552815,0.7361494831248908,1.535407501630874,1712,1712,3424,0.0,1.118668
2014-12,0.0036896670887797446,0.016356068719442483,0.02846458184274489,0.016356068719442483,0.02846458184274489,0.724203217594116,1.5064412339605044,1709,1709,3418,0.0,1.0944465
2015-01,0.033596831713770196,0.0013195027501782738,-0.04714055444056335,0.0013195027501782738,-0.04714055444056335,0.718396254207125,1.4842698126948355,1698,1698,3396,0.0,1.0849245
2015-02,-0.01286438863722493,0.02264826938782674,0.06672524653208457,0.02264826938782674,0.06672524653208457,0.7238743379496588,1.5112635503216425,1699,1700,3399,0.0,1.10088
2015-03,0.014210598905036759,0.0048054099968661435,-0.01096271372183786,0.0048054099968661435,-0.01096271372183786,0.7078062042804045,1.4771683434005638,1689,1689,3378,0.0,1.0849475
2015-04,-0.010011195919995376,0.0014787759754567916,0.018231948347172768,0.0014787759754567916,0.018231948347172768,0.7269556375870284,1.5136025915600089,1684,1684,3368,0.0,1.106962
2015-05,0.010814678445383776,0.003305518403099249,-0.00923973372793592,0.003305518403099249,-0.00923973372793592,0.7175374261142691,1.488377282820368,1687,1687,3374,0.0,1.0826075
2015-06,0.0025090013731551633,-0.004066884931192221,-0.011997789201829777,-0.004066884931192221,-0.011997789201829777,0.7035889114988035,1.4473998198859603,1681,1682,3363,0.0,1.058158
2015-07,0.04146606970161239,0.003057792655318207,-0.05338399135323792,0.003057792655318207,-0.05338399135323792,0.703219858917778,1.4382317268135025,1664,1664,3328,0.0,1.059383
2015-08,-0.003522500689560275,-0.02422319627575981,-0.04294606483598531,-0.02422319627575981,-0.04294606483598531,0.6774524804449606,1.3323300860548533,1637,1638,3275,0.0,0.998498
2015-09,0.0526059848036405,0.007263593951001907,-0.053389660735016733,0.007263593951001907,-0.053389660735016733,0.6611365280425981,1.2828052753269836,1627,1628,3255,0.0,0.96958
2015-10,-0.006886741240859598,0.040372247183503004,0.08861911537447416,0.040372247183503004,0.08861911537447416,0.6703665684393678,1.3204881148900114,1629,1630,3259,0.0,0.987873
2015-11,0.010394992462037839,0.0047716553745973025,-0.0041664114731799415,0.0047716553745973025,-0.0041664114731799415,0.662789439311201,1.3037803505525472,1620,1621,3241,0.0,0.982289
2015-12,0.045446002719479225,-0.008423699098382514,-0.07471454676566301,-0.008423699098382514,-0.07471454676566301,0.6594892181181853,1.2833346327836974,1614,1614,3228,0.0001,0.9778605
2016-01,0.04140360113270486,-0.020473072174260303,-0.09304659492870253,-0.020473072174260303,-0.09304659492870253,0.6566666582110082,1.281971357758012,1574,1575,3149,0.0001,0.974541
2016-02,-0.0034470084185247336,0.007568321638819553,0.019286817728857465,0.007568321638819553,0.019286817728857465,0.658616184155289,1.2911023695153845,1556,1556,3112,0.0002,0.9723395
2016-03,-0.01649016165507229,0.03645680272788358,0.09630631442434771,0.03645680272788358,0.09630631442434771,0.6540892581828972,1.3333856583822064,1591,1593,3184,0.0002,0.98095
2016-04,-0.015226654068404552,0.019594253007782482,0.060970170205252174,0.019594253007782482,0.060970170205252174,0.6496085148565853,1.34325632476921,1602,1602,3204,0.0001,0.9817875
2016-05,0.018765528022729506,0.00953946726789313,-0.005305441498978723,0.00953946726789313,-0.005305441498978723,0.6445886429369655,1.3376576160647349,1602,1602,3204,0.0001,0.9843095
2016-06,0.046000051945653604,0.019790709337944343,-0.02004013715878189,0.019790709337944343,-0.02004013715878189,0.6356254865243881,1.3482104595951832,1623,1623,3246,0.0002,0.9795815
2016-07,0.008390495627453733,0.03209079014514215,0.05655348516631037,0.03209079014514215,0.05655348516631037,0.6404611302939902,1.35570250540189,1627,1627,3254,0.0002,0.9818705000000001
2016-08,-0.028497762816110078,-0.0005766543982174828,0.03862476963037517,-0.0005766543982174828,0.03862476963037517,0.654566830774371,1.3985972698575841,1622,1622,3244,0.0002,0.999455
2016-09,-0.001112419930712356,0.008925528369513162,0.020924398416207853,0.008925528369513162,0.020924398416207853,0.6460999582363167,1.4017922537694654,1626,1626,3252,0.0002,0.9942905
2016-10,0.0022889659518781184,-0.016046964818703102,-0.03790320526062564,-0.016046964818703102,-0.03790320526062564,0.6426806132660517,1.390546932551443,1617,1617,3234,0.0002,0.9829175
2016-11,-0.03360686129617359,0.044274686191922374,0.1433857703617913,0.044274686191922374,0.1433857703617913,0.6338864291919527,1.3859956288605917,1625,1625,3250,0.0001,0.982657
2016-12,0.04204045643635576,0.03916943164899786,0.02610264391228389,0.03916943164899786,0.02610264391228389,0.6481253100916825,1.4190453175316697,1641,1641,3282,0.0003,0.9951915
2017-01,0.009686821319324218,0.01098987746918678,0.00966677644048846,0.01098987746918678,0.00966677644048846,0.6788858756034626,1.4869021782601037,1644,1644,3288,0.0004,1.044781
2017-02,0.02636554325789632,0.02244314996139407,0.008534285367303116,0.02244314996139407,0.008534285367303116,0.7030531509559984,1.5358092777325707,1648,1648,3296,0.0004,1.0805825
2017-03,0.02151604714497913,0.0036361409647613896,-0.024753629790083748,0.0036361409647613896,-0.024753629790083748,0.6983782527300619,1.5177432424442256,1636,1636,3272,0.0003,1.0861345
2017-04,0.013952858103137449,0.016689743839587486,0.014989845024517287,0.016689743839587486,0.014989845024517287,0.7001536266920095,1.5165151734739732,1630,1630,3260,0.0005,1.09184
2017-05,0.033316795178660846,0.008103721149672907,-0.033088822574560944,0.008103721149672907,-0.033088822574560944,0.7082991408852071,1.5125838050688758,1625,1625,3250,0.0006,1.0997895
2017-06,0.002865400886225793,0.011062965961661335,0.019563305390871148,0.011062965961661335,0.019563305390871148,0.7404776504977546,1.6201616523142945,1623,1623,3246,0.0006,1.1785575000000001
2017-07,0.007939174815738602,0.01071099355678937,0.010548273184514985,0.01071099355678937,0.010548273184514985,0.7423852953473318,1.6256537514230662,1620,1621,3241,0.0007,1.182054
2017-08,0.007585721577003006,-0.002229559249932695,-0.01680601499541694,-0.002229559249932695,-0.01680601499541694,0.7294178633853777,1.5791639311675587,1609,1609,3218,0.0009,1.1597455
2017-09,-0.014231884030420677,0.02219839094021222,0.07350464068216664,0.02219839094021222,0.07350464068216664,0.7624468686270764,1.6957434783506915,1613,1613,3226,0.0009,1.2268685
2017-10,0.007113932460420972,0.0037179252429673485,-0.0038732169778047058,0.0037179252429673485,-0.0038732169778047058,0.7667891321711298,1.7098489451356031,1604,1605,3209,0.0009,1.242399
2017-11,0.002682325200445545,0.019852105347102293,0.03971607372975666,0.019852105347102293,0.03971607372975666,0.7769364393569674,1.7366431417521635,1594,1594,3188,0.0008,1.2643335
2017-12,-0.009265556900873806,0.002387337884871766,0.021888851418648773,0.002387337884871766,0.021888851418648773,0.7698227957786934,1.7699818695159806,1597,1598,3195,0.0009,1.278948
2018-01,-0.007258946949877084,0.003605223471173404,0.020805175301691944,0.005667901883365692,0.022891394202363243,0.7677150398665891,1.74029204171566,1609,1610,3219,0.0011,1.25877
2018-02,-0.0027596112560178965,-0.029215319672659626,-0.055722497345893504,-0.027359711455324242,-0.053832875684726826,0.6848554619517548,1.3965716090291573,1594,1595,3189,0.0011,1.053247
2018-03,0.023285225296194353,0.01602292949867103,0.0013760099820121583,0.01808362407340524,0.003461272489829545,0.6581913577298313,1.2997758289157288,1599,1600,3199,0.0012,0.997999
2018-04,0.005123561526210775,0.02110911376398227,0.0344637273154686,0.023145694968962568,0.036552388983494666,0.6417668824885762,1.2411032829189965,1595,1595,3190,0.0014,0.96188
2018-05,-0.008947257855803935,0.018674148575952353,0.04740232806561715,0.020822321562061413,0.04958724677798003,0.6346359832756677,1.2353288642264608,1606,1606,3212,0.0014,0.953137
2018-06,0.022256779963379603,0.007811288610560463,-0.011937377011796996,0.00986496533370916,-0.009845309140940155,0.6238808240924291,1.2260693974281962,1611,1612,3223,0.0014,0.946513
2018-07,-0.007093011847347234,0.006037610912806534,0.020370252367922163,0.008092567823639268,0.022458245430995578,0.6290468031402023,1.2204301537247557,1597,1597,3194,0.0016,0.9412769999999999
2018-08,-0.006072324974079182,0.010256424508455295,0.027160418823459234,0.012504436012904718,0.029456850852928443,0.6318932873892616,1.2177602092855069,1585,1586,3171,0.0016,0.942088
2018-09,0.0011268933988218943,-0.005815422930288094,-0.012633983378980357,-0.003952895765982345,-0.010738907916028304,0.626976400952224,1.214544592914889,1595,1596,3191,0.0015,0.937746
2018-10,0.02608085950073999,-0.04463380541617605,-0.11406073718290846,-0.042371744269840785,-0.11177382820408228,0.611466261883835,1.1512498206546473,1578,1579,3157,0.0019,0.90362
2018-11,0.020909088225769666,0.002114960284109878,-0.019753684639012226,0.0041644771980681485,-0.017667774313627385,0.6013519878455403,1.135786253712245,1561,1562,3123,0.0018,0.879022
2018-12,0.03271737939380434,-0.0597619368123164,-0.14374047048655036,-0.05789885745576404,-0.1418509490556523,0.5919847440850313,1.075344747140472,1530,1533,3063,0.0019,0.847448
2019-01,-0.02472618159764846,0.058706015719594634,0.13239864743728677,0.06076563245932375,0.13449501985703735,0.5906386847902129,1.0666960970943469,1539,1539,3078,0.0021,0.84093
2019-02,-0.0034132400068312904,0.022468804840269162,0.045419645008083195,0.024333309682869432,0.047309513307164736,0.5981118542545116,1.1083513256044377,1543,1543,3086,0.0018,0.8649815000000001
2019-03,0.024698327079266336,-0.0037788612043962305,-0.03495424709076257,-0.0017191816903654007,-0.032856413075275766,0.6008422906949554,1.1280075574043513,1542,1542,3084,0.0019,0.8775585
2019-04,-0.0018836487491187427,0.00846762507494788,0.01817122482441081,0.010522681015126722,0.020264666038094015,0.6073548206686397,1.1482274188317583,1546,1547,3093,0.0021,0.893889
2019-05,0.0603527474074876,-0.018721567145311493,-0.10431004682576314,-0.01656651113116055,-0.10211670905331682,0.6023337751097917,1.1408176227872209,1536,1537,3073,0.0021,0.886323
2019-06,-0.03609734225982661,0.027460524798591124,0.09390023278109606,0.029407533854368374,0.09589385039123609,0.5926535619963926,1.1391206427174825,1532,1533,3065,0.0018,0.881716
2019-07,0.018808970839495932,0.007700945122096975,-0.006817028006984785,0.009859748902601983,-0.004623545488186991,0.5992603597438626,1.144138207352407,1529,1530,3059,0.0019,0.88147
2019-08,0.047312081007139906,-0.004673059833502427,-0.06128901595162179,-0.0025223603980868165,-0.05909557201285365,0.5866786223222114,1.1087543652345688,1519,1519,3038,0.0016,0.8599019999999999
2019-09,-0.028909445063978932,0.01857003091326819,0.06746823148399776,0.02053650650598738,0.06946494308779821,0.5863351558057996,1.113689940194024,1536,1536,3072,0.0018,0.8628145
2019-10,-0.013663477837740093,0.013889786341544638,0.04194516100147541,0.01612697700226847,0.044234552204469826,0.6004642866755757,1.1399621625541478,1526,1527,3053,0.0015,0.875231
2019-11,-0.007862615633051224,0.008020664603820966,0.024514750650085074,0.009977927879095027,0.026507504169049026,0.6075150928759435,1.1637654114943656,1537,1538,3075,0.0012,0.891332
2019-12,-0.010470431289363327,0.02627629585591562,0.06640090683988731,0.028336638266461465,0.06848966874910628,0.6284101923455077,1.2699957149935504,1547,1547,3094,0.0014,0.942572
2020-01,0.044202762490508765,-0.0023786053226846357,-0.06310895341111875,-0.0003254179097772506,-0.06102413970092137,0.6330363887248601,1.3158604691350013,1550,1551,3101,0.0013,0.966525
2020-02,-0.02556138119610099,-0.069016307310797,-0.105071355059007,-0.06714562384248035,-0.10317759833080137,0.6300153616278484,1.251063310368563,1544,1545,3089,0.0012,0.935782
2020-03,0.10337877207574706,-0.13799080910454564,-0.35160242584212004,-0.13582976871378608,-0.34940611928481147,0.6361694816231437,1.0977707840923323,1452,1452,2904,0.0012,0.8655625
2020-04,-0.10987879727076455,0.1281589589646459,0.3485523563741656,0.1281589589646459,0.3485523563741656,0.6517290919505784,1.1371152824921515,1443,1443,2886,0.0,0.8774315
2020-05,-0.005399030672293498,0.06491271793911095,0.12164085473770081,0.06491271793911095,0.12164085473770081,0.662545106360815,1.1767085075609687,1460,1461,2921,0.0001,0.900527
2020-06,-0.008100429424100473,0.014608497404134427,0.03616647241351556,0.014608497404134427,0.03616647241351556,0.668153865916409,1.206981308360807,1513,1513,3026,0.0001,0.91195
2020-07,0.02724472054133726,0.04070116101465553,0.04051405210759593,0.04070116101465553,0.04051405210759593,0.6685394347640568,1.2044849203653876,1515,1516,3031,0.0001,0.915285
2020-08,-0.03622979845976944,0.014332511513199078,0.07016772216650098,0.014332511513199078,0.07016772216650098,0.6689491159994725,1.2170230515719207,1548,1548,3096,0.0001,0.9177409999999999
2020-09,0.013992854775493412,-0.017200694893508985,-0.04784019278635485,-0.017200694893508985,-0.04784019278635485,0.6659122090576243,1.2013167755671144,1547,1548,3095,0.0001,0.911155
2020-10,-0.018858673451071895,-0.006539605085566963,0.010877473573352874,-0.006539605085566963,0.010877473573352874,0.668016956022628,1.1994002498065361,1554,1555,3109,0.0001,0.91159
2020-11,-0.07052226120247333,0.07966806900987196,0.2300044611700463,0.07966806900987196,0.2300044611700463,0.6715500218158876,1.2159552074605537,1573,1574,3147,0.0001,0.918061
2020-12,0.011319815024080603,0.04631901362793544,0.07016565565296755,0.04631901362793544,0.07016565565296755,0.6726809521659052,1.2194766651844264,1612,1612,3224,0.0001,0.9190805
