month,q_mkt,q_me,q_ia,q_roe
1967-01,0.081852,0.068122,-0.029262999999999997,0.018813
1967-02,0.007557,0.016235,-0.0029149999999999996,0.035399
1967-03,0.040168999999999996,0.019836,-0.016772,0.018417
1967-04,0.038786,-0.0067,-0.028972,0.010253000000000002
1967-05,-0.042807000000000005,0.027457,0.021863999999999998,0.005901
1967-06,0.024199000000000002,0.063158,-0.020958,0.0035060000000000004
1967-07,0.045784000000000005,0.031435,0.022778,-0.006515999999999999
1967-08,-0.009048,0.0036030000000000003,0.01934,-0.005955
1967-09,0.031074,0.01802,-0.004061,0.0075239999999999994
1967-10,-0.030491,0.00751,-0.024332,0.032851
1967-11,0.003765,-7.000000000000001e-05,-0.028026,0.006936
1967-12,0.030233,0.045385999999999996,0.0009289999999999999,0.007000999999999999
1968-01,-0.040255,0.052351999999999996,0.04638899999999999,-0.029220000000000003
1968-02,-0.037294,-0.019674,0.025762,-0.003852
1968-03,0.00188,-0.018959,-0.008164,0.018418
1968-04,0.090295,0.05503,-0.027421,0.036103
1968-05,0.022564,0.06753300000000001,-0.022845,0.019637
1968-06,0.006745,-0.004586,0.024975,-0.002263
1968-07,-0.026873,-0.011928000000000001,0.027389,-0.019663
1968-08,0.013271999999999999,0.021751,0.00643,-0.006662
1968-09,0.040566000000000005,0.014384999999999998,-0.005693,-0.034099
1968-10,0.004255,-0.0063549999999999995,0.026082,0.004414
1968-11,0.054063999999999994,0.027157,-0.013424,-0.004038
1968-12,-0.039304,0.029681000000000003,0.02651,-0.006141
1969-01,-0.012291000000000002,-0.0038209999999999997,0.012084999999999999,-0.001173
1969-02,-0.058496,-0.038586,0.007873,0.009745
1969-03,0.026600000000000002,-0.003377,0.005026,0.020353
1969-04,0.015002999999999999,-0.0018599999999999999,0.005286999999999999,0.020202
1969-05,-0.001257,0.0019450000000000001,0.015413,0.001962
1969-06,-0.071923,-0.047563,-0.006301,0.033315000000000004
1969-07,-0.070331,-0.028952,0.019906999999999998,0.020776
1969-08,0.046007,0.009925,-0.026539999999999998,0.005167000000000001
1969-09,-0.029387,0.006882,0.000431,0.017208
1969-10,0.05081,0.029754,-0.014818,-0.014493
1969-11,-0.038235,-0.020435,0.002112,0.028534999999999998
1969-12,-0.025834000000000003,-0.036947,-0.006363,0.03463
1970-01,-0.08067600000000001,0.036617000000000004,0.038252,-0.00741
1970-02,0.050779,-0.024032,0.016171,-0.022721
1970-03,-0.010373,-0.014167,0.033852,-0.009683
1970-04,-0.110383,-0.045675999999999994,0.052927999999999996,0.001614
1970-05,-0.069458,-0.033976,0.032098,0.001132
1970-06,-0.057634,-0.021124999999999998,0.036689,0.024483
1970-07,0.06949,-0.006124000000000001,0.026318,-0.0032879999999999997
1970-08,0.045098,0.00714,-0.008617,-0.032704
1970-09,0.042154,0.072316,-0.045548000000000005,-0.013443
1970-10,-0.023108,-0.031548,0.029695999999999997,0.054757999999999994
1970-11,0.046032000000000003,-0.0385,0.010459000000000001,0.010648999999999999
1970-12,0.057758000000000004,0.027708,0.004188,-0.014690000000000002
1971-01,0.048376,0.069078,-0.003554,-0.043274999999999994
1971-02,0.013927,0.014581,0.005393,0.024506
1971-03,0.041315,0.026789,-0.020113,0.019334
1971-04,0.031513,-0.0020080000000000002,0.012726,-0.012081999999999999
1971-05,-0.040032,-0.014903999999999999,0.008992,0.014113
1971-06,-0.0006900000000000001,-0.006579000000000001,-0.006543,0.043498
1971-07,-0.045182,0.00045900000000000004,0.024409,0.026442
1971-08,0.038106,-0.021376,0.016632,-0.033216999999999997
1971-09,-0.008461999999999999,0.003025,0.00068,0.027583000000000003
1971-10,-0.044382000000000005,-0.011067,-0.006717,0.019473
1971-11,-0.0044,-0.028745,-0.002867,0.014712000000000001
1971-12,0.087371,0.029224999999999998,-0.020099999999999996,-0.01175
1972-01,0.024876,0.065296,-0.000273,-0.068199
1972-02,0.028485,0.00521,0.019924,0.010235000000000001
1972-03,0.006398,-0.010859,0.017616,0.021599
1972-04,0.002728,0.00296,0.0027,0.007183
1972-05,0.012622,-0.027554,-0.017459,0.018952
1972-06,-0.024172,0.004535,-0.0016120000000000002,0.034718
1972-07,-0.008379,-0.020219,-0.0039310000000000005,0.021953999999999998
1972-08,0.032486,-0.036230000000000005,0.036277,-0.01443
1972-09,-0.011495,-0.010851999999999999,-0.010033,0.021667000000000002
1972-10,0.0052710000000000005,-0.031796000000000005,-0.00418,-0.005148000000000001
1972-11,0.045932,-0.010175,0.024945,-0.041021
1972-12,0.0057269999999999995,-0.018973,-0.013273,0.030319
1973-01,-0.032917999999999996,-0.02656,0.003368,-0.00571
1973-02,-0.048635000000000005,-0.045526,0.0012360000000000001,-0.010831
1973-03,-0.013434999999999999,-0.018269,0.006328,-0.018388
1973-04,-0.056575,-0.02935,0.030785999999999997,-0.006049
1973-05,-0.029546000000000003,-0.057165,-0.005129,0.014353
1973-06,-0.0159,-0.013459,0.004562,-1.1999999999999999e-05
1973-07,0.050255,0.08070499999999999,-0.056569,0.013051
1973-08,-0.038069,-0.018721,0.017695000000000002,0.016194
1973-09,0.047527,0.054395,0.020999,-0.016754
1973-10,-0.008621,-0.00957,0.028796,0.008763
1973-11,-0.127439,-0.072199,0.023008,-0.007897
1973-12,0.006666999999999999,-0.048503,0.022193,0.033276
1974-01,-0.0016189999999999998,0.11837500000000001,0.023603,-0.044602
1974-02,-0.004736000000000001,-0.005471,0.020537999999999997,-0.012343
1974-03,-0.028245,0.01905,-0.00017500000000000003,0.018657
1974-04,-0.05331,-0.004707,0.023712,0.022928
1974-05,-0.046599,-0.041023,-0.004303,0.022588
1974-06,-0.029154,0.002453,0.015566,0.015503
1974-07,-0.080182,0.035471,0.045122,0.025341
1974-08,-0.09344,0.021754,0.032555,0.028437
1974-09,-0.11764,0.019872,0.049309000000000006,-0.023003999999999997
1974-10,0.160667,-0.060402,-0.01481,0.088632
1974-11,-0.044795999999999996,-0.008813,0.027423000000000003,0.017632000000000002
1974-12,-0.034488,-0.039206,0.021555,0.00417
1975-01,0.137055,0.125946,-0.007251,-0.116148
1975-02,0.05557,-0.014188000000000001,-0.01722,0.036017
1975-03,0.026678,0.031957,-0.006019,-0.017705
1975-04,0.042101,-0.013373999999999999,-0.0008749999999999999,0.034043000000000004
1975-05,0.05141,0.032878,-0.001547,-0.0026850000000000003
1975-06,0.048545,0.016532,0.003175,-0.016597
1975-07,-0.065871,0.029529,0.014598,-0.013987000000000001
1975-08,-0.028496999999999998,-0.032170000000000004,-0.0014030000000000002,0.006907
1975-09,-0.042910000000000004,0.006804,0.013668,0.016735
1975-10,0.053413,-0.045953999999999995,0.031196,0.025718
1975-11,0.026413000000000002,-0.004416,0.015571,0.006959
1975-12,-0.016279,0.002848,0.000111,-0.022595999999999998
1976-01,0.121724,0.068419,0.013805000000000001,-0.026248999999999998
1976-02,0.003125,0.06947199999999999,0.022167,-0.036997
1976-03,0.022850000000000002,-0.004388,0.017776,0.02411
1976-04,-0.015106999999999999,-0.00483,-0.009555000000000001,-0.0026929999999999996
1976-05,-0.013766,-0.012157,-0.009846,0.004471
1976-06,0.040396999999999995,0.00052,0.013001,-0.000171
1976-07,-0.010323,0.01209,0.008559,0.0072699999999999996
1976-08,-0.0060940000000000005,-0.021039,-0.005939,-0.0001
1976-09,0.021069,-0.0028439999999999997,-0.014853,0.01064
1976-10,-0.024232999999999998,0.006861000000000001,-0.010682,0.0032379999999999996
1976-11,0.00309,0.033506999999999995,-0.0037730000000000003,-0.006291
1976-12,0.05696,0.033985,0.017911999999999997,-0.010631999999999999
1977-01,-0.040293,0.059787999999999994,0.010172,-0.021648
1977-02,-0.019367000000000002,0.010882000000000001,0.000981,0.012378
1977-03,-0.013685000000000001,0.014764,-0.002503,0.003138
1977-04,0.00114,0.013079,0.011605,0.0037459999999999998
1977-05,-0.014659,0.014825,0.002215,0.017144
1977-06,0.04739,0.031080999999999998,-0.007125,0.023354
1977-07,-0.016568,0.009986,0.010572999999999999,0.016654
1977-08,-0.018071999999999998,-0.0025679999999999995,-0.008400999999999999,0.014258999999999999
1977-09,-0.0026989999999999996,0.014967,-0.000956,0.0143
1977-10,-0.043863000000000006,0.014412000000000001,-0.006125,-0.010307
1977-11,0.03999,0.046233,0.012407999999999999,0.026069
1977-12,0.002831,0.014495000000000001,0.001312,0.013303
1978-01,-0.060473,0.023487,0.009316,-0.018003
1978-02,-0.014121,0.041186999999999994,0.013398,2.7000000000000002e-05
1978-03,0.028714,0.034309,0.024596,0.00185
1978-04,0.07826,-0.0016769999999999999,-0.0032979999999999997,0.056669
1978-05,0.017363,0.037382,0.008051,0.004779
1978-06,-0.016884999999999997,0.014435,0.004821,0.013467
1978-07,0.05102,0.0027069999999999998,0.003966,0.016325
1978-08,0.037437,0.046861,0.012008000000000001,0.020146999999999998
1978-09,-0.014064,-0.00823,0.0044729999999999995,-0.034045
1978-10,-0.119724,-0.101907,-0.00592,-0.022443
1978-11,0.027187000000000003,0.041635,-0.008764,0.0131
1978-12,0.009239,0.009664,-0.01784,0.019382999999999997
1979-01,0.042089,0.040083,0.021622,-0.007695
1979-02,-0.035587,0.003368,-0.001882,-0.022881
1979-03,0.055859,0.037203,0.013585,0.027599
1979-04,-0.001153,0.022894,0.010123,0.021582
1979-05,-0.022031000000000002,0.006508000000000001,-0.000683,-0.008364
1979-06,0.038639,0.007611,-0.006418,-0.009831
1979-07,0.007485,0.012477,0.0074270000000000004,0.005097000000000001
1979-08,0.055385,0.016624,-0.003503,0.029615999999999996
1979-09,-0.007533,0.000416,0.001081,0.0070350000000000005
1979-10,-0.08177300000000001,-0.031709,0.0007199999999999999,0.010303
1979-11,0.052093999999999994,0.021515,-0.023923,0.023423
1979-12,0.017155,0.039508,-0.010324999999999999,0.011576
1980-01,0.054954,0.006856999999999999,0.016011,0.016908
1980-02,-0.013980999999999999,-0.012546999999999999,0.017384,0.022085
1980-03,-0.12893100000000002,-0.066273,0.004902,-0.010561000000000001
1980-04,0.039336,0.013726,0.012920000000000001,0.001315
1980-05,0.052656,0.015035,-0.014097,-0.009435
1980-06,0.030379,0.014523,-0.008706,0.028361
1980-07,0.064901,0.036671999999999996,-0.020855000000000002,-0.00376
1980-08,0.018483,0.045286,0.005744,0.025483
1980-09,0.020676,0.00695,-0.00452,0.052169
1980-10,0.01126,0.010625,0.005304,0.041939000000000004
1980-11,0.096499,-0.05107999999999999,-0.019984,0.090598
1980-12,-0.04594,0.010532999999999999,0.009343,-0.012568999999999999
1981-01,-0.049936999999999995,0.037921,0.024779,-0.049423
1981-02,0.005716,-0.000853,0.018514,0.007890000000000001
1981-03,0.034501,0.034594,-0.018297,-0.014715
1981-04,-0.021749,0.042588,0.024396,0.013111999999999999
1981-05,0.001984,0.026187000000000002,-0.004487,-0.00114
1981-06,-0.025098,-0.006750000000000001,0.026912,0.000205
1981-07,-0.014902,-0.018099,-0.020499999999999997,0.030619
1981-08,-0.070074,-0.013665,0.014743,0.006495
1981-09,-0.071791,-0.017643,0.031985,0.004439
1981-10,0.049279,0.01854,-0.010785,0.047505
1981-11,0.033194,-0.012491,0.008791,0.008839
1981-12,-0.036308,0.012926,0.018324,-0.004952
1982-01,-0.031675,-0.003358,0.018314,-0.015721
1982-02,-0.058456,0.0054410000000000005,0.046466,0.002615
1982-03,-0.019771,0.005837,0.018161,-0.01719
1982-04,0.032641,0.004348,0.011525,0.019336
1982-05,-0.038098,-0.004375,-0.004876,-0.004631
1982-06,-0.031715,0.009316,0.024051,-0.003276
1982-07,-0.031604,0.016569,0.020325000000000003,0.026572
1982-08,0.110522,-0.033998,-0.002313,-0.01113
1982-09,0.012968,0.029996000000000002,0.008538,0.033642
1982-10,0.11336700000000001,0.009019000000000001,-0.009356999999999999,-0.007816
1982-11,0.045867000000000005,0.045023,0.015536000000000001,0.03282
1982-12,0.006062,-0.006464,0.006495999999999999,-0.006188
1983-01,0.035938,0.023837,-0.004426,-0.021129
1983-02,0.025819,0.036614,0.013038000000000001,0.030014
1983-03,0.028196,0.016906,0.029854,0.012390000000000002
1983-04,0.06687599999999999,-0.003725,0.022900999999999998,0.005907
1983-05,0.004543,0.061622,-0.014146,-0.035946
1983-06,0.030716999999999998,0.020316999999999998,-0.011814,0.016003
1983-07,-0.040175999999999996,0.006286000000000001,0.028943,0.012607
1983-08,-0.005698999999999999,-0.048628,0.013058,-0.006951000000000001
1983-09,0.009389,0.003684,0.014402,0.032159
1983-10,-0.034213,-0.039842,0.02752,0.014348000000000001
1983-11,0.021446,0.021412,0.010771,-0.001431
1983-12,-0.017476000000000002,-0.011236999999999999,0.013464,-0.015532999999999998
1984-01,-0.019553,-0.010858000000000001,0.024257,-0.037919999999999995
1984-02,-0.04781,-0.017606,0.008060000000000001,-0.0069099999999999995
1984-03,0.006348,-0.002056,0.007414,-0.0070869999999999995
1984-04,-0.005124,-0.010179,0.01142,0.021299000000000002
1984-05,-0.05968,-0.004314,-0.014772,0.018012
1984-06,0.018044,0.004378,-0.022265999999999998,0.017316
1984-07,-0.027909000000000003,-0.024346,-0.011351,0.035596
1984-08,0.102881,0.002416,-0.0056830000000000006,0.009555000000000001
1984-09,-0.007711,-0.006136,0.026124,0.0026379999999999997
1984-10,-0.008316,-0.013774999999999999,-0.001127,0.02726
1984-11,-0.017634,-0.010647,0.022304,0.008216
1984-12,0.017778000000000002,-0.004395,-0.007914,0.025341
1985-01,0.079627,0.034602,-0.035219,0.009783
1985-02,0.011970000000000001,0.007537,0.010867,0.014504999999999999
1985-03,-0.008417000000000001,-0.019791,0.032757,0.009243
1985-04,-0.009968,-0.0070079999999999995,0.014228000000000001,0.0015160000000000002
1985-05,0.051205999999999995,-0.016972,-0.011255,0.032418999999999996
1985-06,0.012636000000000001,-0.0053620000000000004,-0.00168,0.028242
1985-07,-0.0071140000000000005,0.023576,-0.0071979999999999995,-0.017557
1985-08,-0.010289,-0.0015190000000000002,0.020215999999999998,0.004463
1985-09,-0.045086,-0.018313,0.019358,0.011425000000000001
1985-10,0.040525000000000005,-0.0025540000000000003,0.002678,0.022117
1985-11,0.064319,-0.002203,-0.016755,0.017691
1985-12,0.039069,0.002487,-0.014609,0.016993
1986-01,0.007227,0.01119,-0.007178,0.016751000000000002
1986-02,0.071172,-0.004244,-0.013841000000000001,0.022328
1986-03,0.048774,0.005864,0.012176,0.020064000000000002
1986-04,-0.01294,0.010909,-0.015629999999999998,0.005822000000000001
1986-05,0.046068,-0.011665000000000002,0.013290999999999999,0.033469
1986-06,0.010335,-0.0024490000000000002,0.017546,0.052758
1986-07,-0.064155,-0.026511,0.014432,0.031726000000000004
1986-08,0.060498,-0.04427,0.030226000000000003,-0.027277
1986-09,-0.08605,0.006346000000000001,0.032307,-0.039523
1986-10,0.046837,-0.017308,0.005693,0.015025
1986-11,0.011603,-0.01967,0.004319,0.011354
1986-12,-0.032307,0.008442,0.010765,0.018931
1987-01,0.12438,-0.012452000000000001,-0.012787999999999999,0.009741
1987-02,0.043776999999999996,0.033679,-0.019117,0.020925
1987-03,0.016042,-0.006595999999999999,0.042175000000000004,-0.011238
1987-04,-0.020802,-0.024888,0.003757,-0.013784000000000001
1987-05,0.001096,-0.012302,-0.0011740000000000001,-0.023342
1987-06,0.038855,-0.015528,0.014191,0.014728000000000002
1987-07,0.038826,-0.020691,0.001227,-0.018049
1987-08,0.035169,-0.001938,-0.002366,0.037946
1987-09,-0.026135000000000002,0.006177,0.019091,0.005816
1987-10,-0.23186,-0.07442,0.033938,0.0037280000000000004
1987-11,-0.077278,0.032774,0.006012,-0.006670000000000001
1987-12,0.06907,0.002378,-0.024293,0.038909
1988-01,0.04224,-0.007483,0.013210999999999999,-0.040709
1988-02,0.047515,0.035115,-0.006235000000000001,0.010355000000000001
1988-03,-0.022536999999999998,0.057083,0.016766,-0.021546
1988-04,0.005653,0.009170000000000001,0.021332,0.0064800000000000005
1988-05,-0.0028120000000000003,-0.012103,0.004673,-0.001703
1988-06,0.047832,0.027753,-0.032447,0.02229
1988-07,-0.012464999999999999,0.002194,0.011087,-0.01135
1988-08,-0.032996,0.000327,0.016730000000000002,-0.021560000000000003
1988-09,0.032965,-0.014621,-0.0042970000000000005,0.021674000000000002
1988-10,0.011583000000000001,-0.028136,0.0050149999999999995,0.000561
1988-11,-0.022855,-0.019261999999999998,0.013892999999999999,-0.0049180000000000005
1988-12,0.014837,0.024207,0.0045379999999999995,0.007816
1989-01,0.06038299999999999,-0.022045,8.999999999999999e-05,-0.003512
1989-02,-0.022487,0.029496,0.015601,-0.004588
1989-03,0.016143,0.013348,0.012673,-0.001456
1989-04,0.043075,-0.009426,-0.002825,0.011658
1989-05,0.033236,0.000401,0.001034,0.011963999999999999
1989-06,-0.013768,-0.007327,0.015929,-0.0015129999999999998
1989-07,0.071683,-0.034632,-0.00447,0.049084
1989-08,0.015108,0.004818,-0.004259,0.016536
1989-09,-0.00755,0.007705,0.011971,0.01646
1989-10,-0.036616,-0.033545,0.012995000000000001,0.014074
1989-11,0.010794999999999999,-0.013385000000000001,0.016351,0.002423
1989-12,0.011758,-0.019461,0.015747,0.010672
1990-01,-0.078121,-0.012193,0.009256,0.000362
1990-02,0.011004,0.011819999999999999,-0.010927,-0.0039040000000000004
1990-03,0.018341,0.012183999999999999,-0.003663,0.022845
1990-04,-0.033489,-0.004997,-0.007923,0.019796
1990-05,0.08454700000000001,-0.016365,-0.008603,0.037384
1990-06,-0.010524,0.018445,0.002455,0.022265
1990-07,-0.018917,-0.024676999999999998,0.04012400000000001,0.025575
1990-08,-0.10074999999999999,-0.045272,0.037185,-0.00996
1990-09,-0.061098,-0.034195,0.026206,-0.004548
1990-10,-0.018955,-0.05043,0.002596,0.020782
1990-11,0.06339800000000001,0.004508,-0.039805,0.015192
1990-12,0.024606,0.013151999999999999,-0.019476,0.03854
1991-01,0.047365000000000004,0.033616,-0.039514999999999995,0.00159
1991-02,0.071852,0.036288999999999995,0.001447,-0.012401
1991-03,0.026593,0.039278,-0.009336,0.016839
1991-04,-0.0027760000000000003,-0.007106,0.004658,0.013999
1991-05,0.036749000000000004,-0.0056630000000000005,-0.019548,-0.007096
1991-06,-0.049394999999999994,0.000582,0.006121,0.013696
1991-07,0.042401,-0.0054069999999999995,-0.006421,0.030470999999999998
1991-08,0.023149000000000003,0.012962,-0.000358,0.011585000000000002
1991-09,-0.015905,0.018118000000000002,-0.008244,-0.0036420000000000003
1991-10,0.012858000000000001,0.0054859999999999996,0.013528,-0.00046100000000000004
1991-11,-0.041853999999999995,-0.0029270000000000003,0.0030659999999999997,0.032841
1991-12,0.108282,-0.01481,-0.020273,0.067588
1992-01,-0.005528999999999999,0.083442,0.015031000000000001,-0.040660999999999996
1992-02,0.010845,0.014006000000000001,0.02259,0.007483
1992-03,-0.026549,-0.011984999999999999,0.020114,0.010075
1992-04,0.010759000000000001,-0.069392,0.018032,-0.017012
1992-05,0.002994,-0.002599,0.002946,-0.002077
1992-06,-0.023292,-0.026361,0.006495,0.010496
1992-07,0.037907,-0.008409,0.003947,0.025521
1992-08,-0.023769,-0.003029,-0.007711,0.015203
1992-09,0.011928000000000001,0.0068000000000000005,-0.0039700000000000004,0.02398
1992-10,0.010161,0.015549,-0.0035870000000000003,0.021274
1992-11,0.041277999999999995,0.036862,-0.011742999999999998,0.009418
1992-12,0.015884,0.0274,0.014063,0.018253
1993-01,0.009302,0.023198,0.029828,-0.014432
1993-02,0.001217,-0.033169,0.036544,-0.014761
1993-03,0.023136999999999998,-0.000137,0.00928,0.0179
1993-04,-0.030466000000000003,-0.011425000000000001,0.012024,-0.030656
1993-05,0.028843,0.018047,-0.008477,-0.005601
1993-06,0.002822,0.01587,0.018154,0.03004
1993-07,-0.00344,0.013942000000000001,0.014641,-0.005573
1993-08,0.037117,-0.000201,-0.000631,0.004555
1993-09,-0.001005,0.031073,0.002725,0.009455999999999999
1993-10,0.014172,0.0042049999999999995,-0.005657,-0.014109
1993-11,-0.018646,-0.018608,-0.0074919999999999995,-0.0070799999999999995
1993-12,0.016454,0.021117,-0.002567,0.023857
1994-01,0.028668999999999997,0.001604,0.011293,-0.009199
1994-02,-0.025444,0.026554,-0.0046500000000000005,0.026661
1994-03,-0.047556,-0.009376,0.009685000000000001,0.002222
1994-04,0.006802,-0.008206999999999999,0.012717000000000001,0.015314000000000001
1994-05,0.0058,-0.019847,0.005122,-0.00759
1994-06,-0.030373,-0.008431,0.009217,0.001916
1994-07,0.028161000000000002,-0.014339999999999999,0.004279,0.0071719999999999996
1994-08,0.040148,0.0209,-0.0069099999999999995,0.020615
1994-09,-0.022829000000000002,0.022082,0.005877,0.010909
1994-10,0.013466,-0.018201000000000002,0.001614,0.0035570000000000003
1994-11,-0.040276,0.005357,-0.010048,0.013697999999999998
1994-12,0.00859,0.011745,0.012908,0.039827
1995-01,0.017977,-0.024316,-1e-05,-0.000615
1995-02,0.036322,-0.0069759999999999996,-0.008475,0.0051080000000000006
1995-03,0.022357000000000002,-0.012142,0.001683,0.012652000000000002
1995-04,0.021075,-4.7000000000000004e-05,5.2e-05,0.0014030000000000002
1995-05,0.028934,-0.022033,0.008541,-0.010112000000000001
1995-06,0.027151,0.032170000000000004,-0.017424,0.021316
1995-07,0.037121,0.017642,-0.025441,0.009424
1995-08,0.005526,0.023527999999999997,0.021972000000000002,0.001399
1995-09,0.03351,-0.00791,0.019320999999999998,0.013925
1995-10,-0.015134000000000002,-0.05026,0.007787,0.027818
1995-11,0.039618,-0.00757,0.011249,-0.002405
1995-12,0.010388999999999999,0.006346000000000001,0.031196,0.002748
1996-01,0.022549,-0.026855000000000004,0.024524,-0.015103
1996-02,0.013293999999999999,0.027368,-0.009846,0.031374
1996-03,0.007280999999999999,0.018719,-0.006913,0.002772
1996-04,0.020644999999999997,0.051857,-0.018066,0.028665
1996-05,0.023872,0.044614,0.01024,0.018666000000000002
1996-06,-0.01134,-0.042994000000000004,0.017379,0.008662999999999999
1996-07,-0.059558,-0.033585,0.020166,0.024151
1996-08,0.027690000000000003,0.024804,-0.018517,0.001317
1996-09,0.050076,-0.014449,-0.017393000000000002,0.022059000000000002
1996-10,0.00867,-0.024192,0.036629,0.018827
1996-11,0.062602,-0.035337,-0.013094,0.008178999999999999
1996-12,-0.016783,0.033233,0.012261,0.009378
1997-01,0.050142,-0.007925,-0.006503,0.018122
1997-02,-0.004744,-0.024681,0.029173,-0.015353
1997-03,-0.050208,-0.005282,0.017519,0.017713
1997-04,0.040340999999999995,-0.047256,-0.018803,0.038597
1997-05,0.067947,0.050209000000000004,-0.032328,-0.002224
1997-06,0.040843,0.010326,0.002313,0.021092
1997-07,0.073144,-0.014159999999999999,-0.030419,0.012833
1997-08,-0.040945,0.074911,-0.006984000000000001,-0.014123000000000002
1997-09,0.053255,0.024391,-0.0013189999999999999,-0.010478000000000001
1997-10,-0.037622,-0.010817,0.026444000000000002,-0.010642
1997-11,0.029975,-0.055217,0.028803000000000002,0.014029
1997-12,0.013478,-0.022067999999999997,0.022097000000000002,0.01599
1998-01,0.0015079999999999998,-0.012175,-0.012038,0.021861000000000002
1998-02,0.070319,0.010668,-0.024551,0.011306
1998-03,0.047027,-0.003104,0.004615,-0.0014069999999999998
1998-04,0.007319,0.004884,0.001955,-0.001867
1998-05,-0.0304,-0.026232000000000002,0.022383,0.017629
1998-06,0.031842,-0.032579,-0.015552,0.03159
1998-07,-0.02407,-0.057071,0.018809,0.009711
1998-08,-0.16024000000000002,-0.061864999999999996,0.0546,0.030573000000000003
1998-09,0.062598,-0.020642999999999998,-0.030889000000000003,-0.018208
1998-10,0.0697,-0.021671,-0.009585,0.0064459999999999995
1998-11,0.060495,0.008960000000000001,-0.00025100000000000003,0.013694999999999999
1998-12,0.061315999999999996,-0.018744,-0.029345,0.029251
1999-01,0.034923,-0.018915,-0.044702,-0.032515
1999-02,-0.040598999999999996,-0.04229,0.048125999999999995,0.000168
1999-03,0.034926,-0.055836,0.0031530000000000004,-0.006918
1999-04,0.043247,0.039844,0.026612,-0.051577000000000005
1999-05,-0.024584,0.04945,0.004504,0.006804
1999-06,0.047476000000000004,0.031512,-0.021112000000000002,0.02391
1999-07,-0.034774,0.022639999999999997,0.034338,0.010281
1999-08,-0.013696999999999999,-0.015497,-0.011989000000000001,-0.000297
1999-09,-0.027546,0.017307,-0.013826,-0.0016950000000000001
1999-10,0.06117,-0.056493,0.003316,0.020316999999999998
1999-11,0.033602,0.057518,-0.03931,-0.030073
1999-12,0.07753,0.041765,-0.054904,-0.054444
2000-01,-0.04761,0.056171,0.029355000000000003,-0.049997999999999994
2000-02,0.024578000000000003,0.221445,-0.05393099999999999,-0.075531
2000-03,0.05226600000000001,-0.14406,0.018349999999999998,0.076712
2000-04,-0.06378,-0.048612,0.037871,0.087108
2000-05,-0.043692,-0.04595,0.005084999999999999,0.000196
2000-06,0.046557,0.102581,-0.033837,-0.047887000000000006
2000-07,-0.0242,0.00995,0.022468,0.034291999999999996
2000-08,0.070279,0.0044919999999999995,-0.007996,-0.020819999999999998
2000-09,-0.054345,0.015798,0.052247,0.02086
2000-10,-0.027431,-0.022168,0.029227,0.073399
2000-11,-0.106882,0.015389,0.074474,0.103613
2000-12,0.01195,0.046807,0.063542,0.051859999999999996
2001-01,0.032558,0.027247,-0.071277,-0.107874
2001-02,-0.10021100000000001,0.028908,0.092225,0.051517
2001-03,-0.072656,0.029527,0.037571,0.034588
2001-04,0.07936499999999999,-0.00916,-0.037549,0.000756
2001-05,0.006848,0.04362,0.023857,-0.025497000000000002
2001-06,-0.019317,0.06718099999999999,-0.017986,-0.007873
2001-07,-0.021314000000000003,-0.021255000000000003,0.013614,0.039606
2001-08,-0.063871,0.023658000000000002,0.056559,0.042819
2001-09,-0.092292,-0.049266,0.02866,0.09188700000000001
2001-10,0.024886,0.034902,-0.029832,-0.043712
2001-11,0.075282,-0.013907000000000001,-0.011371,-0.08490500000000001
2001-12,0.016086,0.053196,-0.001655,0.005423
2002-01,-0.014322,0.007235,0.03247,0.003051
2002-02,-0.022917999999999997,-0.004934,0.044408,0.053227000000000003
2002-03,0.04238,0.046116000000000004,0.007837,-0.047004000000000004
2002-04,-0.052053,0.075864,0.040782,0.054627
2002-05,-0.013564,-0.031743,0.021983000000000003,0.018221
2002-06,-0.072084,0.035664,0.035525,0.049414999999999994
2002-07,-0.0819,-0.06391,0.019788,0.06701399999999999
2002-08,0.004931,-8.5e-05,-0.008714,0.025383
2002-09,-0.103255,0.031061000000000002,-0.021427,0.044435
2002-10,0.078302,-0.051207,0.002822,-0.045754
2002-11,0.059526,0.014994,0.032678,-0.111763
2002-12,-0.057527,0.000671,-0.022643,0.053183
2003-01,-0.025616,-0.009916000000000001,0.0069630000000000004,-0.006249
2003-02,-0.018827,-0.019999,-0.001273,0.009038000000000001
2003-03,0.010908,0.013977,-0.00135,0.033926
2003-04,0.081807,0.023476,0.010393,-0.04476
2003-05,0.060466,0.037898,0.018435999999999998,-0.08298299999999999
2003-06,0.014214,0.022094,-0.010804000000000001,0.010722
2003-07,0.023358,0.043705,0.023076,-0.017597
2003-08,0.023281,0.022338,0.023428,-0.012471000000000001
2003-09,-0.012401,0.0070409999999999995,0.0022500000000000003,0.012857
2003-10,0.060781999999999996,0.030543999999999998,0.010086999999999999,-0.017421
2003-11,0.013471,0.02198,0.023287,0.0077139999999999995
2003-12,0.042829,-0.027878,0.007939,-0.0176
2004-01,0.021524,0.031246999999999997,0.020478,-0.024214000000000003
2004-02,0.013996999999999999,-0.003081,-0.008853,0.021363
2004-03,-0.013162,0.025207999999999998,-0.007348,0.01753
2004-04,-0.018092999999999998,-0.032236,-0.028950999999999998,0.000119
2004-05,0.011742999999999998,-0.003796,0.005524,0.010771999999999999
2004-06,0.018607,0.022456999999999998,-0.002731,0.005677
2004-07,-0.040401999999999993,-0.033259,-0.010148999999999998,0.024171
2004-08,0.000745,-0.015104,-0.012084,-0.012408999999999998
2004-09,0.015944,0.037689,-0.022151,-0.002254
2004-10,0.01425,-0.007719,0.005703000000000001,-0.014301
2004-11,0.045313,0.044804000000000004,-0.004366999999999999,-0.011431
2004-12,0.034169,-0.00040500000000000003,0.003013,-0.008673
2005-01,-0.027538,-0.003941,-0.004044,0.032406000000000004
2005-02,0.018819,0.001359,0.0030719999999999996,0.035962
2005-03,-0.019348,-0.017897,0.008307,0.0050219999999999996
2005-04,-0.026089,-0.044729,-0.014702999999999999,-0.011183
2005-05,0.036511,0.029641999999999998,-0.0005290000000000001,0.009696
2005-06,0.005711000000000001,0.03803,-0.001906,-0.004286
2005-07,0.039142,0.027322000000000003,-0.020753,-0.002051
2005-08,-0.011886,-0.007969,0.002262,-0.006543
2005-09,0.004859,2.8999999999999997e-05,-0.00032,0.008685
2005-10,-0.02044,-0.005067,-0.003087,0.011009
2005-11,0.036182,0.012128000000000002,-0.010563,0.007835
2005-12,-0.002427,-0.000334,0.00882,0.00232
2006-01,0.030346,0.064411,-0.006817,-0.002541
2006-02,-0.002924,-0.003952,0.024377,-0.009888000000000001
2006-03,0.014637,0.031243,-0.013474,0.0079
2006-04,0.007325000000000001,-0.003049,0.0034360000000000003,0.008233
2006-05,-0.035448,-0.035236,0.013255999999999999,-0.000951
2006-06,-0.0034920000000000003,-0.00336,-0.003976,0.010466999999999999
2006-07,-0.00776,-0.031597,0.013484000000000001,0.005433
2006-08,0.020200999999999997,0.004353,0.019244,-0.013340000000000001
2006-09,0.018459,-0.009695,0.009826,0.006313
2006-10,0.032203,0.019758,0.0020150000000000003,-0.003021
2006-11,0.017004,0.003896,-0.015971,0.004977
2006-12,0.008643,-1.3e-05,0.018284,-0.0056159999999999995
2007-01,0.013927,-0.000986,0.006257,0.00053
2007-02,-0.01956,0.014254,-0.009707,-0.007314
2007-03,0.006903,-0.001758,-0.011817,0.0044340000000000004
2007-04,0.034826,-0.017356,0.008501,0.0053890000000000006
2007-05,0.032406000000000004,-0.002435,-0.023109,0.0053300000000000005
2007-06,-0.01949,0.005405,0.009524,0.01213
2007-07,-0.037107,-0.030424000000000003,-0.022503000000000002,0.015445
2007-08,0.009173,-0.008154,-0.013209,0.009284
2007-09,0.032019,-0.024091,-0.031977000000000005,0.01616
2007-10,0.01802,0.003757,0.004596,0.012246
2007-11,-0.048017000000000004,-0.030142000000000002,0.0017380000000000002,0.035993
2007-12,-0.008794999999999999,0.006425999999999999,-0.0060209999999999994,0.023146
2008-01,-0.063712,-0.007331,0.013977999999999999,-0.00335
2008-02,-0.030844,-0.008799,-0.015091,0.018089
2008-03,-0.009533,0.005775,-0.003529,0.023694000000000003
2008-04,0.046755000000000005,-0.009297999999999999,-0.023214000000000002,-0.008157
2008-05,0.01942,0.025266,-0.003461,-0.003489
2008-06,-0.08427899999999999,0.018792,-0.001872,0.063718
2008-07,-0.007579,0.059925,0.018031,-0.00019199999999999998
2008-08,0.015212000000000002,0.018626,0.009417,-0.009233
2008-09,-0.09292,0.006623,0.031609,0.016471
2008-10,-0.17177900000000002,-0.034777999999999996,0.010391999999999998,0.058889
2008-11,-0.077499,-0.052251000000000006,0.0050160000000000005,0.035054
2008-12,0.017426999999999998,0.035804,-0.023563,-0.006256
2009-01,-0.08059,-0.029404,-0.009195,-0.007397
2009-02,-0.10088699999999999,-0.016061000000000002,-0.018632,0.029127
2009-03,0.089657,0.00958,-0.004563,-0.033319
2009-04,0.10164899999999999,0.073504,0.035317,-0.139902
2009-05,0.052051,-0.01337,-0.024121,-0.032921
2009-06,0.004284,0.037792,0.004848,0.009566999999999999
2009-07,0.077115,0.016803,0.020193,-0.049457
2009-08,0.033288000000000005,0.008741,0.022890999999999998,-0.025811999999999998
2009-09,0.040766,0.024775000000000002,-0.011383,-0.027953000000000002
2009-10,-0.025535000000000002,-0.046208,-0.0025280000000000003,0.039382
2009-11,0.055693,-0.023874,-0.003339,0.010111000000000002
2009-12,0.02746,0.04839,-0.001381,-0.018542
2010-01,-0.033484,0.003824,0.006653,-0.010677
2010-02,0.033894,0.015068,0.00703,-0.010406
2010-03,0.06306600000000001,0.020311,0.016201,-0.005102
2010-04,0.019985,0.038995,0.030632000000000003,-0.024887000000000003
2010-05,-0.078916,0.000538,-0.004777,0.027377
2010-06,-0.055539,-0.023833000000000003,-0.02491,0.013467
2010-07,0.069082,0.004861,0.012168000000000002,-0.008604
2010-08,-0.047708,-0.036732999999999995,-0.017234,-0.005062
2010-09,0.09540699999999999,0.039594,0.01142,0.00509
2010-10,0.038683999999999996,0.006987999999999999,-0.000223,0.0064529999999999995
2010-11,0.005951,0.036452,0.018646,-0.000799
2010-12,0.068135,0.004526,0.030162,-0.036796999999999996
2011-01,0.019888,-0.019958,0.012924999999999999,0.005331
2011-02,0.034831,0.013851,0.014419999999999999,-0.016479999999999998
2011-03,0.0045379999999999995,0.018519,-0.001315,-0.009575
2011-04,0.028931,-0.00878,-0.009779,0.015871
2011-05,-0.012686,-0.008588,-0.010350999999999999,0.001308
2011-06,-0.017419,0.004599,-0.011515,0.028113000000000003
2011-07,-0.023483999999999998,-0.017834000000000003,-0.020383,0.0074860000000000005
2011-08,-0.059801,-0.037375,-0.013168,0.025889000000000002
2011-09,-0.075695,-0.047737,0.000766,-0.007641
2011-10,0.113322,0.051842,-0.005881,0.021402
2011-11,-0.0027960000000000003,-0.011385000000000001,0.015253000000000001,0.005804
2011-12,0.007396000000000001,0.001386,0.026695000000000003,0.011493
2012-01,0.050531,0.027798,-0.0057399999999999994,-0.006313
2012-02,0.044179,-0.006691,0.000789,0.0029189999999999997
2012-03,0.031094,0.0072629999999999995,0.014303999999999999,0.016789000000000002
2012-04,-0.008431,-0.010995999999999999,0.008585,0.010202
2012-05,-0.0617,-0.008812,0.026809,0.016079
2012-06,0.038919,0.014974000000000001,0.010217,-0.017619
2012-07,0.007869000000000001,-0.030848,0.0050929999999999994,0.015194000000000001
2012-08,0.025482,0.014204000000000001,-0.014664,-0.005072
2012-09,0.027322000000000003,0.011701,0.012038,0.001979
2012-10,-0.017522,0.002241,0.018508,0.004723
2012-11,0.007763,0.0037159999999999997,0.007994,0.017203
2012-12,0.011754,0.024277000000000003,-0.008369,-0.019895
2013-01,0.055689,0.001975,0.015622,-0.020267
2013-02,0.012863,-0.00621,0.007303,0.0006619999999999999
2013-03,0.040326,0.010728999999999999,0.012920000000000001,0.005017000000000001
2013-04,0.015535,-0.028649,0.001008,-0.01049
2013-05,0.028025,0.035114,-0.016629,-0.004309
2013-06,-0.011912,0.007559,0.007117,-0.001152
2013-07,0.056427,0.02096,0.006492,-0.004789
2013-08,-0.02704,-0.002103,-0.017886,0.0057469999999999995
2013-09,0.037669,0.024501,-0.007386,-0.009744000000000001
2013-10,0.041694,-0.016177,0.011612,0.01337
2013-11,0.031224,0.019293,0.00014800000000000002,0.015472999999999999
2013-12,0.028045,-0.0043809999999999995,0.007391999999999999,-0.001739
2014-01,-0.033179,0.003303,-0.002918,-0.023112
2014-02,0.046487999999999995,-0.003064,-0.0062970000000000005,-0.014761999999999999
2014-03,0.004311,-0.001623,0.027038000000000003,0.017701
2014-04,-0.00188,-0.046866000000000005,0.008015,0.010755999999999998
2014-05,0.020607,-0.020366,-0.009378,-0.006562
2014-06,0.026074,0.022425999999999998,-0.026584,-0.025842
2014-07,-0.020368,-0.035626000000000005,0.007158,0.011954
2014-08,0.042324,0.004495,-0.009247,0.001376
2014-09,-0.019686,-0.031025999999999998,-0.003101,0.030633
2014-10,0.025116999999999997,0.036151,0.0052829999999999995,0.016899
2014-11,0.025493000000000002,-0.019772,0.003424,0.025253
2014-12,-0.000597,0.027694,0.004723,-0.006555999999999999
2015-01,-0.030996000000000003,-0.015792,-0.010728999999999999,-0.003707
2015-02,0.061287,0.008159999999999999,-0.013937999999999999,0.000837
2015-03,-0.011024,0.028163,-0.002615,0.008338
2015-04,0.005888,-0.037918,-0.008011,-0.021972000000000002
2015-05,0.01363,0.01735,-0.00612,0.014466000000000001
2015-06,-0.015261,0.028606,-0.024461,0.012477
2015-07,0.015493,-0.040748,-0.027296,0.043509
2015-08,-0.06023799999999999,0.005006,0.011632,0.007598000000000001
2015-09,-0.030659000000000002,-0.033796,0.0030719999999999996,0.042728999999999996
2015-10,0.077467,-0.027651,0.006523999999999999,-0.02314
2015-11,0.005651000000000001,0.034655,-0.005479,-0.017097
2015-12,-0.021653,-0.020946,0.00328,0.029435
2016-01,-0.057545,-0.028170999999999998,0.027736,0.053293
2016-02,-0.0007019999999999999,0.004861,0.017188000000000002,0.020303
2016-03,0.069517,0.010386,-0.007057,-0.021273
2016-04,0.009148,0.0010689999999999999,0.012916,-0.072338
2016-05,0.017705,-0.00501,-0.022595999999999998,0.009368
2016-06,-0.00043200000000000004,-0.0033689999999999996,0.004911,0.0027300000000000002
2016-07,0.039526,0.023302,-0.021903000000000002,-0.005211
2016-08,0.004961999999999999,0.009735,-0.002318,-0.023925000000000002
2016-09,0.002631,0.010162,0.002096,-0.03078
2016-10,-0.020197,-0.034301,0.00869,0.030152
2016-11,0.04863000000000001,0.065782,0.02978,-0.00971
2016-12,0.018164,0.006324,-0.002455,0.015371
2017-01,0.019370000000000002,-0.018672,-0.020241,-0.013102
2017-02,0.035584,-0.016698,-0.022401,0.020078
2017-03,0.00167,0.012536,-0.012934000000000001,0.019001
2017-04,0.010875,0.006004000000000001,-0.015686,0.010154000000000002
2017-05,0.010634999999999999,-0.02572,-0.01559,0.013157
2017-06,0.007961000000000001,0.030521,-0.005345,-0.013137000000000001
2017-07,0.018659,-0.011236,-0.004271,0.015283
2017-08,0.001618,-0.014574,-0.028822,0.003922
2017-09,0.02506,0.04912,0.031438,0.004345
2017-10,0.022515,-0.013342,-0.033035999999999996,0.013833
2017-11,0.031198,0.0021290000000000002,-0.004941999999999999,0.018838
2017-12,0.010533999999999998,-0.009099000000000001,0.017421,0.003374
2018-01,0.05576,-0.027684,-0.012929999999999999,-0.012809
2018-02,-0.036447,0.0018290000000000001,-0.016974,-0.0077080000000000004
2018-03,-0.022549,0.028006000000000003,-0.001118,0.0015240000000000002
2018-04,0.0028339999999999997,0.002773,0.015885,-0.000349
2018-05,0.026476000000000003,0.049662,-0.009604,-0.017579
2018-06,0.0048909999999999995,0.006131,-0.003933,0.014069
2018-07,0.031971,-0.013016000000000002,0.004683,0.019789
2018-08,0.034468,0.015026,-0.024114,0.003614
2018-09,0.000593,-0.030996000000000003,0.01452,0.0071730000000000006
2018-10,-0.076459,-0.047534,0.041692,0.012685
2018-11,0.017068,-0.00782,-0.009846,0.006952000000000001
2018-12,-0.09542400000000001,-0.030373,-0.008461999999999999,0.012795
2019-01,0.08409499999999999,0.020485000000000003,-0.010005,-0.039559000000000004
2019-02,0.033944999999999996,0.011896,-0.025924,0.005313
2019-03,0.011000000000000001,-0.034466000000000004,-0.004941999999999999,0.001059
2019-04,0.039607,-0.002476,-0.02418,0.018306
2019-05,-0.069254,-0.019156,0.015264,0.006444
2019-06,0.069269,-0.004309,-0.00266,-0.001359
2019-07,0.012213,-0.016326,0.0017430000000000002,0.004843
2019-08,-0.026018,-0.042154,-0.010234,0.018878
2019-09,0.014293,0.014289000000000001,0.029672,0.017225
2019-10,0.020628999999999998,0.008208,-0.006402,0.008428999999999999
2019-11,0.038677,1.9e-05,-0.010324,-0.013056000000000002
2019-12,0.027631000000000003,0.012790999999999999,0.017689999999999997,-0.01252
2020-01,-0.0009180000000000001,-0.047599,-0.024186,-0.00434
2020-02,-0.08128500000000001,-0.013419,-0.021766999999999998,-0.005082
2020-03,-0.133781,-0.084139,0.021173,0.058288
2020-04,0.13591799999999998,0.032906,-0.0017829999999999999,-0.021253
2020-05,0.055830000000000005,0.024992999999999998,-0.036764,-0.005798
2020-06,0.024607999999999998,0.022963,0.0026829999999999996,0.011718
2020-07,0.057699,-0.012856000000000001,-0.013373999999999999,0.03338
2020-08,0.07626000000000001,-0.020520999999999998,-0.030064999999999998,-0.007135
2020-09,-0.036282999999999996,0.006347,-0.025151,0.011429
2020-10,-0.021002,0.025852,-0.0029909999999999997,-0.026977
2020-11,0.124684,0.041685999999999994,0.03105,-0.14355
2020-12,0.046321,0.042032999999999994,-0.027493,-0.040209999999999996
2021-01,-0.000212,0.082178,0.064689,-0.019859
2021-02,0.027769,0.043453,-0.006264,-0.061783000000000005
2021-03,0.030849,-0.006555999999999999,0.047173,0.044184
2021-04,0.049227999999999994,-0.030496,-0.033369,0.022146
2021-05,0.0028770000000000002,0.014392,0.045591,0.023724
2021-06,0.027505,-0.001316,-0.025953,-0.013245
2021-07,0.012652000000000002,-0.030529999999999998,-0.015061999999999999,0.074792
2021-08,0.029064999999999997,-0.007272,-0.021892000000000002,0.012549999999999999
2021-09,-0.043670999999999995,0.00738,0.033074,-0.017797
2021-10,0.066487,-0.020151,-0.022654,0.032909
2021-11,-0.015459,-0.006292,-0.004569,0.083789
2021-12,0.031004999999999998,-0.005416,0.052366,0.03823
2022-01,-0.062481,-0.037454,0.104429,0.0077480000000000005
2022-02,-0.022805,0.032417,0.039305,-0.022584
2022-03,0.030566,-0.018113,0.033117,-0.000987
2022-04,-0.094436,0.008986,0.060424,0.046941
2022-05,-0.003407,0.00823,0.057416999999999996,0.010854999999999998
2022-06,-0.084238,0.007304000000000001,-0.056444,0.010412999999999999
2022-07,0.09556100000000001,0.002718,-0.055564999999999996,-0.02045
2022-08,-0.037707000000000004,0.013959999999999998,0.028828999999999997,-0.028215
2022-09,-0.09346399999999999,-0.017137,-0.002636,0.010989
2022-10,0.078335,0.046727,0.074759,0.054532
2022-11,0.046103,-0.023298,0.021129,0.024681
2022-12,-0.06406200000000001,0.003374,0.039261,-0.004648
2023-01,0.066413,0.047212,-0.054105999999999994,-0.042423
2023-02,-0.025855000000000003,-0.001341,-0.013265,0.029398
2023-03,0.024564,-0.077416,-0.032627,0.011172999999999999
2023-04,0.005939,-0.019389,0.031023000000000002,-0.010657000000000002
2023-05,0.003413,-0.017843,-0.069683,-0.012287
2023-06,0.06455899999999999,0.02742,-0.015359000000000001,0.045498000000000004
2023-07,0.032234,0.016394,-0.001962,-0.005115
2023-08,-0.023874,-0.024531999999999998,-0.01234,0.050483
2023-09,-0.052386,-0.001177,-0.004879,0.033773
2023-10,-0.031784,-0.026286,-0.004588,0.056473
2023-11,0.088639,-0.007638000000000001,-0.023272,-0.036413
2023-12,0.048696,0.052012,0.002133,-0.041255
2024-01,0.007014,-0.048244999999999996,0.004218,0.019675
2024-02,0.050654000000000005,0.012192000000000001,-0.019735,0.00089
2024-03,0.028403,-0.007905,0.004476,0.011306
2024-04,-0.04687,-0.029976,-0.009161,0.017953
2024-05,0.043262,0.029438,-0.010645,0.04506
2024-06,0.027698999999999998,-0.048267,-0.005782000000000001,0.023517
2024-07,0.012169000000000001,0.075712,0.012441,-0.001571
2024-08,0.016517999999999998,-0.040817,0.004687,0.018369
2024-09,0.016806,-0.011967,-1e-05,0.0074080000000000005
2024-10,-0.009701,-0.011261,-0.011675999999999999,-0.002314
2024-11,0.065002,0.043985,-0.04949099999999999,-0.01537
2024-12,-0.031637,-0.051564,-0.003684,-0.021442000000000003
